"date","country","liulan","buyer","on_sell","sales_refund","refund_ratio","gmv_total","sales_total","brand"
"2019-12-01","Ca","227","146","3","0","0.0","745.453474","13","AA"
"2019-12-02","Ca","251","160","3","0","0.0","1182.826948","26","AA"
"2019-12-03","Ca","222","150","3","1","0.047599999999999996","1289.1530579999999","21","AA"
"2019-12-04","Ca","202","133","3","3","0.15789999999999998","1333.069862","19","AA"
"2019-12-05","Ca","105","67","3","0","0.0","254.104384","8","AA"
"2019-12-06","Ca","184","116","3","0","0.0","739.214854","23","AA"
"2019-12-07","Ca","152","101","3","0","0.0","512.83767","15","AA"
"2019-12-08","Ca","141","100","3","0","0.0","545.170666","17","AA"
"2019-12-09","Ca","97","67","3","0","0.0","291.066282","9","AA"
"2019-12-10","Ca","122","85","3","0","0.0","686.086458","21","AA"
"2019-12-11","Ca","132","88","3","3","0.2143","455.080372","14","AA"
"2019-12-12","Ca","132","85","3","3","0.16670000000000001","570.579564","18","AA"
"2019-12-13","Ca","143","96","3","1","0.0556","591.3749640000001","18","AA"
"2019-12-14","Ca","156","82","3","1","0.0526","626.7964619999999","19","AA"
"2019-12-15","Ca","166","105","3","0","0.0","786.967254","23","AA"
"2019-12-16","Ca","174","103","3","1","0.027000000000000003","1114.9800300000002","37","AA"
"2019-12-17","Ca","173","103","2","1","0.0455","708.414556","22","AA"
"2019-12-18","Ca","209","122","2","0","0.0","1062.637238","31","AA"
"2019-12-19","Ca","184","107","2","1","0.04","854.72945","25","AA"
"2019-12-20","Ca","116","82","2","2","0.0909","691.470156","22","AA"
"2019-12-21","Ca","166","107","2","0","0.0","551.332266","17","AA"
"2019-12-22","Ca","153","94","2","1","0.0909","348.045678","11","AA"
"2019-12-23","Ca","74","61","2","1","0.25","127.82239200000001","4","AA"
"2019-12-24","Ca","71","51","2","0","0.0","163.24389","5","AA"
"2019-12-25","Ca","142","89","2","0","0.0","260.265984","8","AA"
"2019-12-26","Ca","200","124","2","2","0.2857","234.086886","7","AA"
"2019-12-27","Ca","131","78","2","3","0.4286","271.056486","7","AA"
"2019-12-28","Ca","114","65","2","1","0.16670000000000001","194.044188","6","AA"
"2019-12-29","Ca","98","49","2","0","0.0","167.86508999999998","5","AA"
"2019-12-30","Ca","75","38","2","0","0.0","229.465686","7","AA"
"2019-12-31","Ca","28","20","2","1","0.3333","106.264494","3","AA"
"2019-12-01","Jp","434","276","3","0","0.0","1190.62509","17","AA"
"2019-12-02","Jp","281","180","3","0","0.0","840.848592","12","AA"
"2019-12-03","Jp","288","176","3","0","0.0","1431.638604","18","AA"
"2019-12-04","Jp","304","194","3","0","0.0","1071.1506000000002","13","AA"
"2019-12-05","Jp","375","232","3","0","0.0","884.6944800000001","12","AA"
"2019-12-06","Jp","400","257","4","0","0.0","1435.77693","17","AA"
"2019-12-07","Jp","468","278","4","0","0.0","1251.1816680000002","16","AA"
"2019-12-08","Jp","486","328","4","0","0.0","1677.003378","21","AA"
"2019-12-09","Jp","405","251","4","0","0.0","887.56446","12","AA"
"2019-12-10","Jp","275","190","4","0","0.0","917.9307000000001","12","AA"
"2019-12-11","Jp","307","201","4","0","0.0","854.42082","10","AA"
"2019-12-12","Jp","362","210","4","0","0.0","283.081866","4","AA"
"2019-12-13","Jp","302","202","4","0","0.0","1137.502686","14","AA"
"2019-12-14","Jp","373","257","4","0","0.0","538.5748920000001","7","AA"
"2019-12-15","Jp","382","274","4","0","0.0","1560.546996","19","AA"
"2019-12-16","Jp","303","195","4","0","0.0","937.1873400000001","13","AA"
"2019-12-17","Jp","349","242","4","1","0.0455","1588.5154140000002","22","AA"
"2019-12-18","Jp","442","264","4","0","0.0","1502.9714940000001","19","AA"
"2019-12-19","Jp","365","230","4","0","0.0","999.77142","15","AA"
"2019-12-20","Jp","506","280","4","1","0.0323","2030.83488","31","AA"
"2019-12-21","Jp","394","250","4","0","0.0","2533.460958","30","AA"
"2019-12-22","Jp","385","244","4","0","0.0","2116.5361860000003","26","AA"
"2019-12-23","Jp","433","250","4","1","0.0345","2644.816182","29","AA"
"2019-12-24","Jp","216","152","4","0","0.0","1198.26294","13","AA"
"2019-12-25","Jp","217","145","3","1","0.0833","1171.5999000000002","12","AA"
"2019-12-26","Jp","51","36","3","0","0.0","30.36624","1","AA"
"2019-12-27","Jp","44","25","3","0","0.0","114.05856000000001","4","AA"
"2019-12-28","Jp","44","32","3","0","0.0","57.02928000000001","2","AA"
"2019-12-29","Jp","70","50","3","0","0.0","115.91016","4","AA"
"2019-12-30","Jp","39","31","3","2","0.0","0.0","0","AA"
"2019-12-31","Jp","52","31","3","1","1.0","28.514640000000004","1","AA"
"2019-12-01","Us","1177","858","19","0","0.0","3367.25","55","AA"
"2019-12-02","Us","1362","894","19","8","0.0482","10315.929999999998","168","AA"
"2019-12-03","Us","795","555","19","2","0.0323","3990.36","64","AA"
"2019-12-04","Us","699","448","19","6","0.0984","4153.38","62","AA"
"2019-12-05","Us","779","472","20","6","0.1","4125.38","62","AA"
"2019-12-06","Us","818","500","20","3","0.047599999999999996","4154.37","64","AA"
"2019-12-07","Us","827","549","20","2","0.0364","3643.45","55","AA"
"2019-12-08","Us","792","515","19","2","0.0278","4748.28","72","AA"
"2019-12-09","Us","784","559","19","7","0.0814","5662.13","87","AA"
"2019-12-10","Us","650","430","20","4","0.069","3820.43","59","AA"
"2019-12-11","Us","641","437","20","5","0.0746","4394.33","67","AA"
"2019-12-12","Us","711","472","19","2","0.027000000000000003","4906.25","75","AA"
"2019-12-13","Us","711","442","19","4","0.036699999999999997","7190.9","110","AA"
"2019-12-14","Us","490","321","19","1","0.0161","4259.37","64","AA"
"2019-12-15","Us","574","369","19","1","0.0147","4639.3099999999995","70","AA"
"2019-12-16","Us","645","428","18","2","0.024399999999999998","5592.17","83","AA"
"2019-12-17","Us","681","387","19","1","0.0143","4343.3","70","AA"
"2019-12-18","Us","554","342","18","6","0.1","3994.4","60","AA"
"2019-12-19","Us","433","281","18","8","0.1379","3713.42","58","AA"
"2019-12-20","Us","424","262","19","6","0.09519999999999999","3715.37","63","AA"
"2019-12-21","Us","294","184","19","1","0.0213","2798.52","48","AA"
"2019-12-22","Us","205","129","17","0","0.0","2170.64","36","AA"
"2019-12-23","Us","189","131","17","9","0.40909999999999996","1349.78","22","AA"
"2019-12-24","Us","96","72","16","2","0.5","164.97","4","AA"
"2019-12-25","Us","170","111","17","1","0.11109999999999999","444.92","9","AA"
"2019-12-26","Us","154","110","17","7","1.0","419.93","7","AA"
"2019-12-27","Us","113","86","16","8","1.6","364.94","6","AA"
"2019-12-28","Us","140","97","16","5","0.8332999999999999","329.94","6","AA"
"2019-12-29","Us","107","70","16","5","0.3125","884.84","16","AA"
"2019-12-30","Us","129","94","16","6","1.5","254.96","4","AA"
"2019-12-31","Us","76","57","16","5","0.5","709.89","11","AA"
"2019-12-01","Ca","65","51","4","0","0.0","35.421498","1","BB"
"2019-12-02","Ca","63","53","4","0","0.0","35.421498","1","BB"
"2019-12-03","Ca","54","44","4","0","0.0","35.421498","1","BB"
"2019-12-04","Ca","45","29","4","0","0.0","106.264494","3","BB"
"2019-12-05","Ca","13","10","3","0","0.0","100.11829800000001","1","BB"
"2019-12-06","Ca","1","1","3","2","0.0","0.0","0","BB"
"2019-12-07","Ca","12","11","3","2","0.0","0.0","0","BB"
"2019-12-08","Ca","15","13","3","0","0.0","70.842996","2","BB"
"2019-12-09","Ca","1","1","1","0","0.0","0.0","0","BB"
"2019-12-10","Ca","0","0","1","1","0.0","0.0","0","BB"
"2019-12-11","Ca","2","2","1","1","0.0","0.0","0","BB"
"2019-12-12","Ca","27","22","1","1","1.0","61.608298","1","BB"
"2019-12-13","Ca","0","0","1","0","0.0","0.0","0","BB"
"2019-12-14","Ca","7","7","1","0","0.0","35.421498","1","BB"
"2019-12-15","Ca","0","0","1","0","0.0","0.0","0","BB"
"2019-12-16","Ca","1","1","2","1","0.0","0.0","0","BB"
"2019-12-17","Ca","4","4","1","0","0.0","61.608298","1","BB"
"2019-12-18","Ca","30","16","0","1","1.0","61.608298","1","BB"
"2019-12-19","Ca","0","0","0","0","0.0","0.0","0","BB"
"2019-12-20","Ca","0","0","0","0","0.0","0.0","0","BB"
"2019-12-21","Ca","1","1","1","0","0.0","0.0","0","BB"
"2019-12-22","Ca","0","0","0","1","0.0","0.0","0","BB"
"2019-12-23","Ca","4","3","0","2","0.0","0.0","0","BB"
"2019-12-24","Ca","6","6","0","0","0.0","0.0","0","BB"
"2019-12-25","Ca","3","3","0","0","0.0","35.421498","1","BB"
"2019-12-26","Ca","1","1","1","1","0.0","0.0","0","BB"
"2019-12-27","Ca","39","19","1","0","0.0","184.824894","3","BB"
"2019-12-28","Ca","21","15","1","0","0.0","0.0","0","BB"
"2019-12-29","Ca","40","26","1","0","0.0","61.608298","1","BB"
"2019-12-30","Ca","39","27","1","1","1.0","61.608298","1","BB"
"2019-12-31","Ca","46","38","1","0","0.0","0.0","0","BB"
"2019-12-01","Jp","96","80","3","0","0.0","221.238426","3","BB"
"2019-12-02","Jp","66","49","3","0","0.0","148.109484","2","BB"
"2019-12-03","Jp","64","52","3","0","0.0","0.0","0","BB"
"2019-12-04","Jp","80","58","3","0","0.0","146.25788400000002","2","BB"
"2019-12-05","Jp","117","83","3","1","0.3333","219.386826","3","BB"
"2019-12-06","Jp","144","106","3","0","0.0","119.418942","2","BB"
"2019-12-07","Jp","146","112","3","1","0.5","121.270542","2","BB"
"2019-12-08","Jp","145","112","3","0","0.0","74.980542","1","BB"
"2019-12-09","Jp","152","103","3","0","0.0","149.961084","2","BB"
"2019-12-10","Jp","76","62","3","0","0.0","217.95183600000001","3","BB"
"2019-12-11","Jp","97","68","3","1","0.5","135.981504","2","BB"
"2019-12-12","Jp","103","71","3","0","0.0","44.493948","1","BB"
"2019-12-13","Jp","107","79","3","0","0.0","0.0","0","BB"
"2019-12-14","Jp","99","78","3","0","0.0","219.386826","3","BB"
"2019-12-15","Jp","122","88","3","0","0.0","512.346978","8","BB"
"2019-12-16","Jp","128","85","3","0","0.0","498.00633600000003","8","BB"
"2019-12-17","Jp","126","96","3","0","0.0","388.780452","6","BB"
"2019-12-18","Jp","198","128","3","0","0.0","323.05791000000005","5","BB"
"2019-12-19","Jp","153","101","3","1","0.125","567.4413360000001","8","BB"
"2019-12-20","Jp","150","95","3","1","0.16670000000000001","419.331852","6","BB"
"2019-12-21","Jp","188","135","3","0","0.0","816.4537620000001","11","BB"
"2019-12-22","Jp","204","147","3","0","0.0","423.035052","6","BB"
"2019-12-23","Jp","224","165","3","0","0.0","327.68691","5","BB"
"2019-12-24","Jp","123","94","3","0","0.0","371.19951000000003","5","BB"
"2019-12-25","Jp","158","110","3","0","0.0","233.26456800000003","4","BB"
"2019-12-26","Jp","121","80","3","0","0.0","204.574026","3","BB"
"2019-12-27","Jp","135","97","3","0","0.0","74.980542","1","BB"
"2019-12-28","Jp","104","81","2","0","0.0","109.22588400000001","2","BB"
"2019-12-29","Jp","103","70","2","1","1.0","74.980542","1","BB"
"2019-12-30","Jp","96","68","2","2","2.0","74.980542","1","BB"
"2019-12-31","Jp","140","85","2","1","0.0","0.0","0","BB"
"2019-12-01","Us","669","451","13","0","0.0","1511.37","43","BB"
"2019-12-02","Us","1190","777","13","0","0.0","4801.15","125","BB"
"2019-12-03","Us","644","430","13","2","0.035699999999999996","1682.04","56","BB"
"2019-12-04","Us","550","352","13","2","0.060599999999999994","1152.48","33","BB"
"2019-12-05","Us","435","305","12","3","0.0882","1021.25","35","BB"
"2019-12-06","Us","413","288","12","1","0.0278","1027.84","36","BB"
"2019-12-07","Us","404","277","12","1","0.0227","1431.76","44","BB"
"2019-12-08","Us","383","279","12","0","0.0","1112.27","33","BB"
"2019-12-09","Us","491","329","12","2","0.0541","1082.23","37","BB"
"2019-12-10","Us","608","414","12","3","0.0588","1500.1","51","BB"
"2019-12-11","Us","608","400","11","2","0.04","1742.1","50","BB"
"2019-12-12","Us","713","458","11","2","0.0351","1965.02","58","BB"
"2019-12-13","Us","534","351","11","2","0.0333","2066.8","60","BB"
"2019-12-14","Us","468","324","10","1","0.027000000000000003","1298.23","37","BB"
"2019-12-15","Us","616","438","10","0","0.0","2106.75","93","BB"
"2019-12-16","Us","579","400","9","3","0.0366","2849.38","84","BB"
"2019-12-17","Us","555","383","10","1","0.0172","1886.62","58","BB"
"2019-12-18","Us","568","386","10","1","0.012","2039.18","83","BB"
"2019-12-19","Us","417","289","9","3","0.07139999999999999","1269.19","42","BB"
"2019-12-20","Us","471","320","9","1","0.0179","1599.84","56","BB"
"2019-12-21","Us","422","290","9","2","0.0645","1126.49","32","BB"
"2019-12-22","Us","385","272","9","1","0.0588","449.03","17","BB"
"2019-12-23","Us","305","210","10","0","0.0","335.47","13","BB"
"2019-12-24","Us","229","171","10","0","0.0","442.06","14","BB"
"2019-12-25","Us","328","193","10","0","0.0","421.87","14","BB"
"2019-12-26","Us","331","184","10","5","0.35710000000000003","263.46","14","BB"
"2019-12-27","Us","256","174","11","2","0.15380000000000002","366.07","13","BB"
"2019-12-28","Us","250","168","10","2","0.1818","348.09","11","BB"
"2019-12-29","Us","322","202","10","0","0.0","501.81","19","BB"
"2019-12-30","Us","363","180","10","2","0.0645","454.09","31","BB"
"2019-12-31","Us","238","135","11","1","0.0625","445.04","16","BB"
"2019-12-01","Ca","31","25","1","0","0.0","113.958792","4","CC"
"2019-12-02","Ca","70","49","1","1","0.0909","313.38667799999996","11","CC"
"2019-12-03","Ca","43","28","1","1","0.1","286.43737999999996","10","CC"
"2019-12-04","Ca","50","34","1","0","0.0","304.92217999999997","10","CC"
"2019-12-05","Ca","30","22","1","1","0.25","129.362792","4","CC"
"2019-12-06","Ca","31","23","1","0","0.0","97.022094","3","CC"
"2019-12-07","Ca","21","13","1","0","0.0","32.340698","1","CC"
"2019-12-08","Ca","33","24","1","0","0.0","32.340698","1","CC"
"2019-12-09","Ca","45","31","1","0","0.0","123.201192","4","CC"
"2019-12-10","Ca","60","37","1","0","0.0","184.801788","6","CC"
"2019-12-11","Ca","46","31","1","0","0.0","92.400894","3","CC"
"2019-12-12","Ca","50","39","1","0","0.0","123.201192","4","CC"
"2019-12-13","Ca","43","34","1","0","0.0","215.602086","7","CC"
"2019-12-14","Ca","68","47","1","0","0.0","92.400894","3","CC"
"2019-12-15","Ca","89","55","1","1","0.1429","215.602086","7","CC"
"2019-12-16","Ca","48","37","1","1","0.1","308.00298","10","CC"
"2019-12-17","Ca","34","23","1","0","0.0","338.803278","11","CC"
"2019-12-18","Ca","40","22","1","0","0.0","154.00149","5","CC"
"2019-12-19","Ca","25","14","1","0","0.0","92.400894","3","CC"
"2019-12-20","Ca","33","23","1","0","0.0","123.201192","4","CC"
"2019-12-21","Ca","26","25","1","0","0.0","61.600596","2","CC"
"2019-12-22","Ca","27","20","1","0","0.0","61.600596","2","CC"
"2019-12-23","Ca","17","10","1","0","0.0","0.0","0","CC"
"2019-12-24","Ca","8","6","1","1","0.0","0.0","0","CC"
"2019-12-25","Ca","20","17","1","0","0.0","0.0","0","CC"
"2019-12-26","Ca","42","23","1","0","0.0","184.801788","6","CC"
"2019-12-27","Ca","30","16","1","1","0.5","61.600596","2","CC"
"2019-12-28","Ca","42","22","1","1","0.5","61.600596","2","CC"
"2019-12-29","Ca","29","19","1","0","0.0","92.400894","3","CC"
"2019-12-30","Ca","16","13","1","0","0.0","0.0","0","CC"
"2019-12-31","Ca","13","10","1","0","0.0","0.0","0","CC"
"2019-12-01","Jp","56","45","7","0","0.0","45.91968","2","CC"
"2019-12-02","Jp","68","49","7","0","0.0","90.17292","4","CC"
"2019-12-03","Jp","63","44","7","0","0.0","22.40436","1","CC"
"2019-12-04","Jp","54","45","7","0","0.0","22.95984","1","CC"
"2019-12-05","Jp","59","43","7","0","0.0","74.43432","3","CC"
"2019-12-06","Jp","107","65","7","0","0.0","141.46224","6","CC"
"2019-12-07","Jp","116","86","7","0","0.0","143.31384","6","CC"
"2019-12-08","Jp","115","85","7","0","0.0","141.31411200000002","6","CC"
"2019-12-09","Jp","88","60","7","0","0.0","45.91968","2","CC"
"2019-12-10","Jp","92","57","7","0","0.0","191.08512000000002","8","CC"
"2019-12-11","Jp","73","43","7","0","0.0","83.69232000000001","3","CC"
"2019-12-12","Jp","101","62","7","0","0.0","141.46224","6","CC"
"2019-12-13","Jp","72","52","7","0","0.0","118.50240000000001","5","CC"
"2019-12-14","Jp","142","99","7","0","0.0","169.97688000000002","7","CC"
"2019-12-15","Jp","98","71","7","0","0.0","168.12528","7","CC"
"2019-12-16","Jp","87","63","7","0","0.0","168.12528","7","CC"
"2019-12-17","Jp","161","96","7","0","0.0","143.31384","6","CC"
"2019-12-18","Jp","158","108","7","0","0.0","515.6706","20","CC"
"2019-12-19","Jp","144","87","7","0","0.0","219.4146","9","CC"
"2019-12-20","Jp","161","105","7","0","0.0","435.5889","16","CC"
"2019-12-21","Jp","142","99","7","0","0.0","464.93676000000005","18","CC"
"2019-12-22","Jp","131","97","7","0","0.0","205.15728000000001","8","CC"
"2019-12-23","Jp","138","98","7","1","0.0625","410.31456000000003","16","CC"
"2019-12-24","Jp","87","63","7","0","0.0","178.67940000000002","7","CC"
"2019-12-25","Jp","70","56","7","0","0.0","100.91220000000001","4","CC"
"2019-12-26","Jp","66","44","7","0","0.0","125.72364","5","CC"
"2019-12-27","Jp","56","42","7","0","0.0","100.72704","4","CC"
"2019-12-28","Jp","89","55","7","0","0.0","123.87204000000001","5","CC"
"2019-12-29","Jp","47","32","7","0","0.0","0.0","0","CC"
"2019-12-30","Jp","65","42","7","0","0.0","24.81144","1","CC"
"2019-12-31","Jp","33","18","7","0","0.0","23.885640000000002","1","CC"
"2019-12-01","Us","3021","2208","15","3","0.0128","7427.84","236","CC"
"2019-12-02","Us","5483","3821","15","12","0.0182","20993.67","663","CC"
"2019-12-03","Us","2527","1780","16","7","0.0347","6775.0199999999995","204","CC"
"2019-12-04","Us","2624","1868","15","7","0.0327","7112.04","219","CC"
"2019-12-05","Us","2476","1731","15","10","0.0562","5896.98","178","CC"
"2019-12-06","Us","2568","1850","15","11","0.045599999999999995","7895.54","241","CC"
"2019-12-07","Us","3164","2301","15","6","0.0194","9825.95","310","CC"
"2019-12-08","Us","3603","2568","15","3","0.0067","13782.539999999999","453","CC"
"2019-12-09","Us","4475","3133","15","10","0.0207","14783.09","486","CC"
"2019-12-10","Us","4761","3288","15","15","0.0318","14328.28","473","CC"
"2019-12-11","Us","5148","3422","15","14","0.0256","16857.49","550","CC"
"2019-12-12","Us","4214","2992","15","12","0.022099999999999998","17036.780000000002","552","CC"
"2019-12-13","Us","4869","3360","15","17","0.026600000000000002","19943.300000000003","642","CC"
"2019-12-14","Us","4911","3322","14","16","0.026099999999999998","19991.19","625","CC"
"2019-12-15","Us","5199","3540","14","11","0.0168","20690.72","658","CC"
"2019-12-16","Us","5151","3552","14","20","0.028399999999999998","23116.91","709","CC"
"2019-12-17","Us","4311","3002","14","14","0.0263","19568.16","550","CC"
"2019-12-18","Us","2883","2077","14","16","0.041100000000000005","14431.78","397","CC"
"2019-12-19","Us","2949","2130","14","12","0.0268","15899.679999999998","450","CC"
"2019-12-20","Us","3417","2440","14","13","0.023799999999999998","19584.05","554","CC"
"2019-12-21","Us","2838","1952","14","14","0.0362","14003.98","390","CC"
"2019-12-22","Us","1938","1405","14","10","0.059500000000000004","6363.7","170","CC"
"2019-12-23","Us","1095","824","14","28","0.5091","2131.46","59","CC"
"2019-12-24","Us","709","524","14","3","0.0556","1932.62","54","CC"
"2019-12-25","Us","1223","855","14","0","0.0","3228.0099999999998","94","CC"
"2019-12-26","Us","1449","1041","14","23","0.29109999999999997","2886.5099999999998","80","CC"
"2019-12-27","Us","1104","795","14","22","0.3729","2128.83","59","CC"
"2019-12-28","Us","1163","835","14","10","0.1493","2436.78","69","CC"
"2019-12-29","Us","1091","729","13","19","0.27140000000000003","2422.23","70","CC"
"2019-12-30","Us","1014","716","13","23","0.575","1372.55","41","CC"
"2019-12-31","Us","686","520","13","15","0.28300000000000003","2117.39","58","CC"
"2019-12-01","Ca","966","632","8","0","0.0","2368.6576760000003","62","DD"
"2019-12-02","Ca","1250","815","7","4","0.0219","5949.155734","183","DD"
"2019-12-03","Ca","767","491","7","2","0.025","2675.8288399999997","80","DD"
"2019-12-04","Ca","539","390","7","2","0.0333","1973.56048","60","DD"
"2019-12-05","Ca","711","415","7","1","0.0159","2006.655974","63","DD"
"2019-12-06","Ca","715","456","7","3","0.0395","2464.054648","76","DD"
"2019-12-07","Ca","698","478","7","0","0.0","2591.87704","80","DD"
"2019-12-08","Ca","695","458","7","1","0.0192","1737.940896","52","DD"
"2019-12-09","Ca","648","425","7","1","0.0137","2386.287554","73","DD"
"2019-12-10","Ca","648","435","7","3","0.0462","2236.93037","65","DD"
"2019-12-11","Ca","675","428","7","6","0.08449999999999999","2361.656558","71","DD"
"2019-12-12","Ca","656","428","7","3","0.042300000000000004","2466.403758","71","DD"
"2019-12-13","Ca","691","459","7","5","0.0562","3063.170122","89","DD"
"2019-12-14","Ca","729","476","7","1","0.0139","2603.491656","72","DD"
"2019-12-15","Ca","735","438","6","3","0.0441","2639.721864","68","DD"
"2019-12-16","Ca","939","583","6","2","0.0263","2869.1798479999998","76","DD"
"2019-12-17","Ca","1150","788","6","2","0.0313","2392.518472","64","DD"
"2019-12-18","Ca","615","376","6","2","0.048799999999999996","1510.8166179999998","41","DD"
"2019-12-19","Ca","454","301","6","1","0.0323","1164.303638","31","DD"
"2019-12-20","Ca","428","281","6","2","0.060599999999999994","1176.6114340000001","33","DD"
"2019-12-21","Ca","427","254","6","2","0.0667","1111.93774","30","DD"
"2019-12-22","Ca","361","220","5","2","0.07690000000000001","916.337748","26","DD"
"2019-12-23","Ca","244","166","5","4","0.3333","439.691776","12","DD"
"2019-12-24","Ca","601","381","6","2","0.09519999999999999","854.760258","21","DD"
"2019-12-25","Ca","464","261","7","0","0.0","1204.354038","31","DD"
"2019-12-26","Ca","421","220","7","2","0.0909","821.633956","22","DD"
"2019-12-27","Ca","286","170","7","2","0.2","372.69978","10","DD"
"2019-12-28","Ca","310","177","7","1","0.0667","555.19867","15","DD"
"2019-12-29","Ca","272","168","7","2","0.1176","547.481266","17","DD"
"2019-12-30","Ca","317","180","7","2","0.1818","383.474878","11","DD"
"2019-12-31","Ca","173","112","7","1","0.0667","497.43367","15","DD"
"2019-12-01","Jp","91","66","1","0","0.0","88.839768","4","DD"
"2019-12-02","Jp","192","101","1","0","0.0","259.54803000000004","15","DD"
"2019-12-03","Jp","125","78","1","0","0.0","328.76083800000004","19","DD"
"2019-12-04","Jp","174","113","1","0","0.0","207.63842400000001","12","DD"
"2019-12-05","Jp","144","85","1","0","0.0","173.03202000000002","10","DD"
"2019-12-06","Jp","269","179","1","2","0.09519999999999999","375.310062","21","DD"
"2019-12-07","Jp","96","59","1","0","0.0","127.704852","6","DD"
"2019-12-08","Jp","72","42","1","0","0.0","42.568284000000006","2","DD"
"2019-12-09","Jp","87","58","1","0","0.0","212.84142000000003","10","DD"
"2019-12-10","Jp","41","26","1","1","0.1429","153.617994","7","DD"
"2019-12-11","Jp","63","40","1","1","0.5","46.10484","2","DD"
"2019-12-12","Jp","40","27","1","0","0.0","46.10484","2","DD"
"2019-12-13","Jp","57","37","1","1","0.3333","72.18462600000001","3","DD"
"2019-12-14","Jp","165","135","1","0","0.0","192.49233600000002","8","DD"
"2019-12-15","Jp","87","60","1","0","0.0","20.358342","1","DD"
"2019-12-16","Jp","76","44","1","0","0.0","162.866736","8","DD"
"2019-12-17","Jp","44","34","1","0","0.0","125.85325200000001","6","DD"
"2019-12-18","Jp","58","40","1","0","0.0","40.716684","2","DD"
"2019-12-19","Jp","55","36","1","3","0.6","113.577144","5","DD"
"2019-12-20","Jp","44","30","1","1","0.25","102.726768","4","DD"
"2019-12-21","Jp","28","23","1","0","0.0","27.764742000000002","1","DD"
"2019-12-22","Jp","65","36","1","0","0.0","166.58845200000002","6","DD"
"2019-12-23","Jp","43","31","1","0","0.0","166.58845200000002","6","DD"
"2019-12-24","Jp","25","17","0","0","0.0","55.529484000000004","2","DD"
"2019-12-25","Jp","0","0","0","0","0.0","0.0","0","DD"
"2019-12-26","Jp","0","0","0","0","0.0","0.0","0","DD"
"2019-12-27","Jp","0","0","0","1","0.0","0.0","0","DD"
"2019-12-28","Jp","0","0","0","1","0.0","0.0","0","DD"
"2019-12-29","Jp","0","0","0","0","0.0","0.0","0","DD"
"2019-12-30","Jp","0","0","0","0","0.0","0.0","0","DD"
"2019-12-31","Jp","0","0","0","0","0.0","0.0","0","DD"
"2019-12-01","Us","695","481","11","1","0.0233","2205.57","43","DD"
"2019-12-02","Us","1281","798","11","7","0.0443","8272.5","159","DD"
"2019-12-03","Us","474","346","11","2","0.0541","2193.63","37","DD"
"2019-12-04","Us","538","338","11","5","0.1351","2247.61","39","DD"
"2019-12-05","Us","473","316","11","0","0.0","2075.64","36","DD"
"2019-12-06","Us","418","278","11","3","0.0882","1978.66","34","DD"
"2019-12-07","Us","394","274","11","3","0.10710000000000001","1566.72","28","DD"
"2019-12-08","Us","475","304","11","3","0.0833","2006.64","36","DD"
"2019-12-09","Us","525","334","11","4","0.1026","2090.6","40","DD"
"2019-12-10","Us","517","361","11","3","0.0882","2121.63","37","DD"
"2019-12-11","Us","512","358","12","3","0.0545","3288.43","58","DD"
"2019-12-12","Us","366","251","11","3","0.07690000000000001","1847.81","39","DD"
"2019-12-13","Us","441","288","11","3","0.05","3079.0","60","DD"
"2019-12-14","Us","529","340","10","2","0.0345","2654.24","58","DD"
"2019-12-15","Us","431","273","9","2","0.0417","2414.32","48","DD"
"2019-12-16","Us","433","295","9","4","0.1","1846.0","41","DD"
"2019-12-17","Us","385","271","8","3","0.0857","1564.05","35","DD"
"2019-12-18","Us","274","198","8","3","0.0909","2058.45","36","DD"
"2019-12-19","Us","341","224","8","1","0.0286","1807.8400000000001","36","DD"
"2019-12-20","Us","325","210","8","1","0.023799999999999998","2483.79","42","DD"
"2019-12-21","Us","306","203","8","3","0.0857","1783.45","35","DD"
"2019-12-22","Us","357","228","9","1","0.0417","1356.56","24","DD"
"2019-12-23","Us","211","145","9","1","0.125","428.92","8","DD"
"2019-12-24","Us","179","131","8","0","0.0","537.09","11","DD"
"2019-12-25","Us","267","181","8","0","0.0","711.46","15","DD"
"2019-12-26","Us","265","179","8","4","0.4","665.29","11","DD"
"2019-12-27","Us","241","157","9","8","0.8","410.42","10","DD"
"2019-12-28","Us","199","136","10","0","0.0","876.45","15","DD"
"2019-12-29","Us","254","166","8","1","0.125","407.72","8","DD"
"2019-12-30","Us","211","137","7","5","0.625","397.13","8","DD"
"2019-12-31","Us","136","96","8","2","0.3333","365.24","6","DD"
"2019-12-01","Jp","0","0","0","0","0.0","0.0","0","EE"
"2019-12-02","Jp","0","0","0","0","0.0","0.0","0","EE"
"2019-12-03","Jp","0","0","0","0","0.0","0.0","0","EE"
"2019-12-04","Jp","0","0","0","0","0.0","0.0","0","EE"
"2019-12-05","Jp","0","0","0","0","0.0","0.0","0","EE"
"2019-12-06","Jp","0","0","0","0","0.0","0.0","0","EE"
"2019-12-07","Jp","0","0","0","0","0.0","0.0","0","EE"
"2019-12-08","Jp","0","0","0","0","0.0","0.0","0","EE"
"2019-12-09","Jp","0","0","0","0","0.0","0.0","0","EE"
"2019-12-10","Jp","0","0","0","0","0.0","0.0","0","EE"
"2019-12-11","Jp","0","0","0","0","0.0","0.0","0","EE"
"2019-12-12","Jp","0","0","0","0","0.0","0.0","0","EE"
"2019-12-13","Jp","0","0","0","0","0.0","0.0","0","EE"
"2019-12-14","Jp","0","0","0","0","0.0","0.0","0","EE"
"2019-12-15","Jp","0","0","0","0","0.0","0.0","0","EE"
"2019-12-16","Jp","0","0","0","0","0.0","0.0","0","EE"
"2019-12-17","Jp","0","0","0","0","0.0","0.0","0","EE"
"2019-12-18","Jp","0","0","0","0","0.0","0.0","0","EE"
"2019-12-19","Jp","0","0","0","0","0.0","0.0","0","EE"
"2019-12-20","Jp","0","0","0","0","0.0","0.0","0","EE"
"2019-12-21","Jp","0","0","0","0","0.0","0.0","0","EE"
"2019-12-22","Jp","0","0","0","0","0.0","0.0","0","EE"
"2019-12-23","Jp","0","0","0","0","0.0","0.0","0","EE"
"2019-12-24","Jp","0","0","0","0","0.0","0.0","0","EE"
"2019-12-25","Jp","0","0","0","0","0.0","0.0","0","EE"
"2019-12-26","Jp","0","0","0","0","0.0","0.0","0","EE"
"2019-12-27","Jp","0","0","0","0","0.0","0.0","0","EE"
"2019-12-28","Jp","0","0","0","0","0.0","0.0","0","EE"
"2019-12-29","Jp","0","0","0","0","0.0","0.0","0","EE"
"2019-12-30","Jp","0","0","0","0","0.0","0.0","0","EE"
"2019-12-31","Jp","0","0","0","0","0.0","0.0","0","EE"
"2019-12-01","Us","654","421","20","2","0.032799999999999996","1779.18","62","EE"
"2019-12-02","Us","1070","668","20","3","0.0183","4450.16","164","EE"
"2019-12-03","Us","672","421","20","2","0.0345","1618.42","59","EE"
"2019-12-04","Us","783","443","20","1","0.013300000000000001","2179.25","76","EE"
"2019-12-05","Us","612","423","20","3","0.0492","1694.39","61","EE"
"2019-12-06","Us","593","406","20","3","0.0319","2706.06","94","EE"
"2019-12-07","Us","587","393","20","0","0.0","1975.31","69","EE"
"2019-12-08","Us","691","461","20","0","0.0","3411.8399999999997","116","EE"
"2019-12-09","Us","731","508","20","3","0.024399999999999998","3443.77","123","EE"
"2019-12-10","Us","699","450","20","4","0.048799999999999996","2558.18","83","EE"
"2019-12-11","Us","726","478","20","2","0.0196","2995.97","103","EE"
"2019-12-12","Us","774","489","20","5","0.0455","3238.89","111","EE"
"2019-12-13","Us","716","474","20","1","0.0076","3889.67","133","EE"
"2019-12-14","Us","705","476","20","0","0.0","3638.77","124","EE"
"2019-12-15","Us","727","501","20","2","0.0146","3924.64","137","EE"
"2019-12-16","Us","881","556","20","0","0.0","3674.76","124","EE"
"2019-12-17","Us","717","447","20","4","0.026699999999999998","4525.48","152","EE"
"2019-12-18","Us","562","370","20","5","0.0435","3610.85","115","EE"
"2019-12-19","Us","530","329","20","4","0.0449","2646.09","91","EE"
"2019-12-20","Us","551","359","20","3","0.030600000000000002","2781.02","98","EE"
"2019-12-21","Us","500","330","20","1","0.012","2405.14","87","EE"
"2019-12-22","Us","392","259","20","0","0.0","1107.63","37","EE"
"2019-12-23","Us","343","210","20","6","0.2727","501.78","22","EE"
"2019-12-24","Us","266","147","20","0","0.0","304.86","14","EE"
"2019-12-25","Us","395","201","19","0","0.0","617.78","22","EE"
"2019-12-26","Us","384","218","19","2","0.0909","597.78","22","EE"
"2019-12-27","Us","275","163","19","2","0.0833","661.76","24","EE"
"2019-12-28","Us","244","175","19","0","0.0","500.8","20","EE"
"2019-12-29","Us","259","163","18","0","0.0","459.82","18","EE"
"2019-12-30","Us","399","196","18","4","0.2353","430.82","18","EE"
"2019-12-31","Us","250","137","17","2","0.1333","453.84000000000003","16","EE"
