class0,price,rank1_list,stars,reviews,delivery,rank_big,brand,stock
x1,180,1,4.4,6442,Sold by Furbo and Fulfilled by Amazon.,287,Furbo,In Stock.
x1,32.99,2,3.9,1839,Sold by Trekking tribe and Fulfilled by Amazon.,1310,TOOGE,In Stock.
x1,29.99,3,4.2,2032,Sold by FORamerica and Fulfilled by Amazon.,0,BOOCOSA-US,In Stock.
x1,139.95,4,4.4,376,Sold by Petkey and Fulfilled by Amazon.,8004,WOPET,In Stock.
x1,29.99,5,3.8,322,Sold by VI-SON and Fulfilled by Amazon.,9203,VINSION,In Stock.
x1,30.99,6,4.2,147,Sold by Trekking tribe and Fulfilled by Amazon.,10510,TOOGE,In Stock.
x1,34.99,7,4.1,63,Sold by OHOPE and Fulfilled by Amazon.,11764,Homenhancing,In Stock.
x1,174.29,8,4.4,135,"Sold by Petcube, Inc. and Fulfilled by Amazon.",0,Petcube,In Stock.
x1,29.99,9,4.4,59,Sold by Uplore and Fulfilled by Amazon.,15319,TAOCOCO,In Stock.
x1,41.98,10,3.8,19,Sold by Mariotus and Fulfilled by Amazon.,17848,DADYPET,In Stock.
x1,249,11,4.3,143,"Sold by Petcube, Inc. and Fulfilled by Amazon.",19212,Petcube,In Stock.
x1,30.99,12,4.3,163,Sold by Trekking tribe and Fulfilled by Amazon.,0,TOOGE,In Stock.
x1,69.87,13,4.3,118,Sold by FitBark Store and Fulfilled by Amazon.,22976,FitBark,In Stock.
x1,50.99,14,3.7,56,Sold by VI-SON and Fulfilled by Amazon.,24929,DOGCOOL,In Stock.
x1,129.98,15,3.9,206,Sold by Skymeedirect and Fulfilled by Amazon.,25098,SKYMEE,In Stock.
x1,280.49,16,4.4,17,Sold by PetChatz HDX and Fulfilled by Amazon.,26844,PetChatz,In Stock.
x1,29.99,17,3.9,128,Sold by VI-SON and Fulfilled by Amazon.,0,VINSION,In Stock.
x1,38.5,18,5,1,Sold by LiyaHair and Fulfilled by Amazon.,0,Mliyam,In Stock.
x1,170.99,19,4.3,126,Sold by Dogness Official and Fulfilled by Amazon.,36949,DOGNESS,In Stock.
x1,119.99,20,4.6,7,Sold by Bbtoy and Fulfilled by Amazon.,38094,Iseebiz,Only 12 left in stock - order soon.
x1,69.99,21,4.1,17,Sold by VStarcam and Fulfilled by Amazon.,38253,VSTARCAM,In Stock.
x1,29.99,22,4,63,Sold by GevTa and Fulfilled by Amazon.,39977,GevTa,In Stock.
x1,129.98,23,3.9,206,Sold by Skymeedirect and Fulfilled by Amazon.,40086,SKYMEE,In Stock.
x1,170.99,24,4.3,126,Sold by Dogness Official and Fulfilled by Amazon.,42108,DOGNESS,In Stock.
x1,32.09,25,4,246,Sold by Deatti_USA and Fulfilled by Amazon.,0,DEATTI,In Stock.
x1,114.99,26,5,6,Sold by PengXuan and Fulfilled by Amazon.,45030,NPET,In Stock.
x1,111.99,27,5,7,Sold by Star River and Fulfilled by Amazon.,49045,AONESY,Only 6 left in stock - order soon.
x1,0,28,4.1,583,,0,TAOCOCO,Currently unavailable.
x1,68.15,29,3,1,Ships from and sold by Essex Technology Group.,0,VIMTAG,In stock.
x1,18.56,30,2.9,35,Sold by Armer USA and Fulfilled by Amazon.,56757,RCA,In Stock.
x1,19.99,31,2.8,15,Sold by Timok and Fulfilled by Amazon.,0,Tiscen,In Stock.
x1,236.5,32,3.7,944,,67730,Petcube,Available from these sellers.
x1,39.95,33,3.6,20,Sold by Connecting World and Fulfilled by Amazon.,0,VIMTAG,Only 16 left in stock - order soon.
x1,72.87,34,4.5,5,Sold by YI Technology and Fulfilled by Amazon.,0,YI,In Stock.
x1,44.95,35,4,62,Sold by Best Deals Express and Fulfilled by Amazon.,0,RVA Camworks,In Stock.
x1,170.59,36,4.3,126,,71895,DOGNESS,Available from these sellers.
x1,32,37,2.9,14,Sold by hoSecurity and Fulfilled by Amazon.,74212,hosecurity,In Stock.
x1,106.99,38,3.8,8,Sold by Star River and Fulfilled by Amazon.,81267,AONESY,In Stock.
x1,36.99,39,4.9,14,Sold by DOGCOOL and Fulfilled by Amazon.,0,DOGCOOL,In Stock.
x1,29.99,40,4.3,41,Sold by TeSecu US and Fulfilled by Amazon.,0,TESECU,In Stock.
x1,141.99,41,4.5,57,Sold by Dogness Official and Fulfilled by Amazon.,83140,DOGNESS,In Stock.
x1,53,42,2.9,14,Sold by hoSecurity and Fulfilled by Amazon.,87208,hosecurity,In Stock.
x1,178,43,4.1,57,,87265,RV PetSafety,Available from these sellers.
x1,179,44,3.7,8,Ships from and sold by PAWBO.,89946,Pawbo,Only 9 left in stock - order soon.
x1,179.99,45,3.4,647,Sold by Simple Works and Fulfilled by Amazon.,91072,Petcube,Only 1 left in stock - order soon.
x1,39.99,46,4.8,6,Sold by ALONGDA and Fulfilled by Amazon.,92809,DEYAN,In Stock.
x1,169.99,47,0,0,Sold by Globaltradingplus and Fulfilled by Amazon.,99189,SKYMEE,In Stock.
x1,129.99,48,3.9,29,Sold by Voking Digital and Fulfilled by Amazon.,100410,SKYMEE,In Stock.
x1,39.99,49,4.4,40,Sold by ALONGDA and Fulfilled by Amazon.,104282,DEYAN,In Stock.
x1,79.99,50,4.7,8,Sold by PetChatz HDX and Fulfilled by Amazon.,107079,PetChatz,In Stock.
x10,5.88,1,4.8,218,Ships from and sold by Amazon.com.,2826,Manna Pro,In Stock.
x10,5.99,2,4.2,63,Ships from and sold by Amazon.com.,16480,Horsemen's Pride,In Stock.
x10,29.95,3,4.8,85,Sold by NRSWorld and Fulfilled by Amazon.,18621,Mrs. Pastures,In Stock.
x10,14.59,4,4.7,37,Sold by NRSWorld and Fulfilled by Amazon.,19229,Equus Magnificusinc,In Stock.
x10,35.55,5,4.8,182,Ships from and sold by PiccardMeds4Pets Corp.,19524,Equus Magnificus,Only 9 left in stock - order soon.
x10,4.05,6,4.1,63,Ships from and sold by Amazon.com.,23034,Manna Pro,In Stock.
x10,32.45,7,4.5,20,Sold by NRSWorld and Fulfilled by Amazon.,23152,Purina,In Stock.
x10,17.95,8,4.9,96,Sold by NRSWorld and Fulfilled by Amazon.,23272,Mrs. Pastures,In Stock.
x10,33.55,9,4.8,182,Ships from and sold by Amazon.com.,23422,Equus Magnificus,Usually ships within 1 to 2 months.
x10,12.65,10,4.5,51,Ships from and sold by Amazon.com.,24540,Standlee Hay Company,In Stock.
x10,25.56,11,4.8,33,Sold by Horse Guard and Fulfilled by Amazon.,28000,Horse Guard,In Stock.
x10,16.87,12,4.9,63,Sold by PiccardMeds4Pets Corp and Fulfilled by Amazon.,28405,Manna Pro,In Stock.
x10,7.99,13,4.7,13,Ships from and sold by Amazon.com.,31022,Ginger Ridge,In Stock.
x10,15.49,14,4.6,25,Ships from and sold by Amazon.com.,31105,Rooster Booster,Only 1 left in stock (more on the way).
x10,26.95,15,4.6,32,Ships from and sold by Amazon.com.,31584,Omega,In Stock.
x10,34.3,16,5,20,Sold by NRSWorld and Fulfilled by Amazon.,32668,Purina,In Stock.
x10,19.13,17,4.4,37,Ships from and sold by Amazon.com.,34113,Manna Pro,In Stock.
x10,18.74,18,4.4,37,Ships from and sold by Amazon.com.,34140,Manna Pro,In Stock.
x10,59.95,19,4.8,182,Ships from and sold by Amazon.com.,36700,Equus Magnificus,"In stock on February 20, 2020."
x10,12.17,20,4.2,16,Ships from and sold by Amazon.com.,38659,Manna Pro,In Stock.
x10,11.85,21,4.9,14,Sold by Ark Country Store and Fulfilled by Amazon.,0,Purina,Only 17 left in stock - order soon.
x10,2.6,22,4.3,33,Ships from and sold by Amazon.com.,0,,Temporarily out of stock.
x10,14.63,23,4.5,64,,0,,Available from these sellers.
x10,73.76,24,4.8,31,,0,,Available from these sellers.
x10,22.98,25,3.2,27,Ships from and sold by Amazon.com.,43565,Horsemen's Pride,In Stock.
x10,44.99,26,4.4,14,Sold by One Way Pet and Fulfilled by Amazon.,43665,Uncle Jimmys,Only 10 left in stock - order soon.
x10,16.96,27,4.5,28,Sold by thatcHHawk & Co. and Fulfilled by Amazon.,44115,Stud Muffins,Only 2 left in stock - order soon.
x10,126.965,28,0,0,,1069462,Manna Pro,Available from these sellers.
x10,6.8,29,3.9,25,Ships from and sold by Amazon.com.,47275,Manna Pro,Only 18 left in stock (more on the way).
x10,13.08,30,4.5,11,,48412,Buckeye,Available from these sellers.
x10,14.95,31,3.3,159,Ships from and sold by Amazon.com.,49446,Karen Pryor Clicker Training,In Stock.
x10,17.99,32,3.6,6,Sold by A Natural Lifestyle and Fulfilled by Amazon.,49791,Manna Pro,In Stock.
x10,14.13,33,4.3,5,Sold by BUYING FAST and Fulfilled by Amazon.,52227,Enjoy Yums,Only 5 left in stock - order soon.
x10,43.51,34,4.6,61,,53498,Stud Muffins,Available from these sellers.
x10,5.99,35,4.2,8,,56919,Mars Horsecare Us In.,Available from these sellers.
x10,12.15,36,2.7,5,Sold by AffordableVet and Fulfilled by Amazon.,0,Manna Pro,Only 1 left in stock - order soon.
x10,8.99,37,5,3,Ships from and sold by Tack N More.,0,RJ Matthews,Only 11 left in stock - order soon.
x10,34.45,38,4,59,Sold by GBN Direct and Fulfilled by Amazon.,0,Horse Quenchers,Only 18 left in stock - order soon.
x10,66.55,39,4.2,15,,0,Horse Quenchers,Available from these sellers.
x10,19.99,40,4.3,8,Sold by AffordableVet and Fulfilled by Amazon.,67259,Manna Pro,Only 3 left in stock - order soon.
x10,14.98,41,4.3,5,Sold by One Way Pet and Fulfilled by Amazon.,69169,Enjoy Yums,Only 6 left in stock - order soon.
x10,14.16,42,0,0,Ships from and sold by Amazon.com.,69699,Enjoy Yums,Usually ships within 1 to 2 months.
x10,81.19,43,4.8,22,Sold by NRSWorld and Fulfilled by Amazon.,72321,Mrs. Pastures,In Stock.
x10,17.88,44,4.6,7,Ships from and sold by PiccardMeds4Pets Corp.,72777,Probios,Only 3 left in stock - order soon.
x10,13.08,45,4.6,12,,72778,Buckeye Nutrition,Available from these sellers.
x10,12.59,46,2.8,19,Ships from and sold by Amazon.com.,73502,Horsemen's Pride,In Stock.
x10,10.99,47,5,11,Ships from and sold by Amazon.com.,73900,Ginger Ridge,In Stock.
x10,20,48,4.5,4,Ships from and sold by Sweet Farm Treats.,79414,Sweet Farm Treats,In Stock.
x10,13.28,49,4.6,21,Sold by Stock Your Home and Fulfilled by Amazon.,78771,Uncle Jimmys,Only 11 left in stock - order soon.
x10,10.64,50,4.7,17,Ships from and sold by Equestrian World.,79139,Mrs Pastures,Only 1 left in stock - order soon.
x11,6.99,1,4.4,1461,,0,,Available from these sellers.
x11,9.99,2,4.5,1092,Sold by Zacro Direct and Fulfilled by Amazon.,1280,Zacro,In Stock.
x11,1.17,3,4.2,2593,Ships from and sold by Amazon.com.,0,Marina,"In stock on February 18, 2020."
x11,4.67,4,4.3,601,Ships from and sold by Amazon.com.,3323,Zoo Med,In Stock.
x11,6.8,5,4.3,551,Ships from and sold by Amazon.com.,3267,JW Pet,In Stock.
x11,10.36,6,4.3,143,Ships from and sold by Amazon.com.,3640,API,In Stock.
x11,15.99,7,4.1,187,Sold by REPTI ZOO and Fulfilled by Amazon.,0,REPTI ZOO,In Stock.
x11,6.55,8,4.5,86,Sold by VIVOSUN and Fulfilled by Amazon.,0,VIVOSUN,In Stock.
x11,4.95,9,4.2,148,Sold by AikTryee Direct storefront and Fulfilled by Amazon.,5421,AikTryee,In Stock.
x11,1.17,10,4.3,174,Ships from and sold by Amazon.com.,6150,Marina,"In stock on February 19, 2020."
x11,5.69,11,4.4,209,Sold by Windbells and Fulfilled by Amazon.,6047,Windbells,In Stock.
x11,5.4,12,4.6,238,Ships from and sold by Amazon.com.,0,LCR Hallcrest,In Stock.
x11,6.99,13,4.1,232,Sold by AM_store and Fulfilled by Amazon.,7588,SUKRAGRAHA,In Stock.
x11,6.99,14,4.2,50,Sold by Jansamn and Fulfilled by Amazon.,9483,Jansamn,In Stock.
x11,13.99,15,4.4,18,Sold by VIVOSUN and Fulfilled by Amazon.,0,VIVOSUN,In Stock.
x11,15.99,16,4.5,365,Sold by cuboid0114 and Fulfilled by Amazon.,12025,capetsma,In Stock.
x11,16.99,17,4.5,365,Sold by cuboid0114 and Fulfilled by Amazon.,11705,capetsma,In Stock.
x11,10.98,18,4,661,Sold by Qooltek and Fulfilled by Amazon.,0,Qooltek,In Stock.
x11,6.99,19,3.8,52,Sold by Fischuel and Fulfilled by Amazon.,14576,Fischuel,In Stock.
x11,4.91,20,4.2,117,Sold by DopTopUSA and Fulfilled by Amazon.,14850,Amer Thermal Instruments,Only 11 left in stock - order soon.
x11,16.19,21,3.9,297,Sold by CLL Pet Supplies and Fulfilled by Amazon.,21585,AQUANEAT,In Stock.
x11,8.99,22,4.4,209,,0,,Available from these sellers.
x11,12.95,23,4.2,50,,0,,Available from these sellers.
x11,9.98,24,4,661,,0,,Available from these sellers.
x11,9.18,25,4.3,192,,0,,Available from these sellers.
x11,9.48,26,4,661,,0,,Available from these sellers.
x11,3.99,27,3.9,297,,0,,Available from these sellers.
x11,2.77,28,3.5,115,,0,,Available from these sellers.
x11,19.99,29,4.1,194,,0,,Available from these sellers.
x11,11.69,30,4.2,133,,0,,Available from these sellers.
x11,15.99,31,4.1,27,,0,,Available from these sellers.
x11,16.99,32,4.5,68,,0,,Available from these sellers.
x11,5.35,33,3.8,18,,0,,Available from these sellers.
x11,8.69,34,4.2,133,Sold by AUTIDEFY and Fulfilled by Amazon.,38242,AUTIDEFY,Only 13 left in stock - order soon.
x11,9.85,35,4.2,21,Sold by VIVOSUN and Fulfilled by Amazon.,0,VIVOSUN,In Stock.
x11,9.49,36,3.9,297,Sold by CLL Pet Supplies and Fulfilled by Amazon.,38506,AQUANEAT,In Stock.
x11,5.69,37,4.4,209,Sold by Windbells and Fulfilled by Amazon.,39060,Windbells,In Stock.
x11,11.29,38,4.3,34,Sold by Unicpet and Fulfilled by Amazon.,40758,POPETPOP,In Stock.
x11,3.99,39,2.1,6,Sold by Aquarium Suppliers and Fulfilled by Amazon.,47191,Landen,Only 2 left in stock - order soon.
x11,45,40,4.6,6,Sold by Inkbird and Fulfilled by Amazon.,44571,Inkbird,Only 13 left in stock - order soon.
x11,13.29,41,4.7,16,Sold by icstation and Fulfilled by Amazon.,48239,IS,Only 3 left in stock - order soon.
x11,5.7,42,4.1,172,Sold by RISEPRO and Fulfilled by Amazon.,47807,RISEPRO,In Stock.
x11,35.99,43,4.5,5,Sold by Inkbird and Fulfilled by Amazon.,0,Inkbird,In Stock.
x11,3.74,44,3.9,32,Ships from and sold by Amazon.com.,50153,Jungle,In Stock.
x11,5.45,45,3.8,13,Sold by LUFFY PETS COLLECTION and Fulfilled by Amazon.,49291,SunGrow,In Stock.
x11,14.21,46,3.9,40,Ships from and sold by Amazon.com.,54425,Fluval,In Stock.
x11,6.48,47,3.9,123,,54462,Fluval,Available from these sellers.
x2,8.11,1,4.1,828,Ships from and sold by Amazon.com.,789,Aqueon,In Stock.
x2,7.58,2,4.1,349,Ships from and sold by Amazon.com.,1917,Aqueon,Usually ships within 1 to 2 months.
x2,15.99,3,4.4,797,Sold by Aquarium Station and Fulfilled by Amazon.,2233,Orlushy,In Stock.
x2,15.38,4,4.3,123,Ships from and sold by Amazon.com.,0,Aqueon,In Stock.
x2,19.99,5,4.4,797,Sold by Aquarium Station and Fulfilled by Amazon.,2908,Orlushy,In Stock.
x2,18.99,6,4.2,522,Sold by FREESEA and Fulfilled by Amazon.,3320,FREESEA,In Stock.
x2,12.88,7,4.2,210,Sold by ZEETOON and Fulfilled by Amazon.,3416,ZEETOON,In Stock.
x2,14.78,8,4.1,207,Sold by FREESEA and Fulfilled by Amazon.,3740,FREESEA,In Stock.
x2,16.97,9,3.9,779,Ships from and sold by Amazon.com.,4548,Tetra,In Stock.
x2,9.97,10,3.9,363,Sold by WinnerDirect and Fulfilled by Amazon.,4597,DaToo,In Stock.
x2,25.99,11,4.3,97,Sold by VIVOSUN and Fulfilled by Amazon.,0,VIVOSUN,In Stock.
x2,12,12,4,2578,Ships from and sold by Amazon.com.,4811,Tetra,In Stock.
x2,14.99,13,4.4,206,Sold by Aquarium Station and Fulfilled by Amazon.,4889,Orlushy,In Stock.
x2,9.99,14,3.9,984,Ships from and sold by Amazon.com.,5045,Marina,In Stock.
x2,67.99,15,4.6,110,Sold by petfocused and Fulfilled by Amazon.,5105,Hygger,In Stock.
x2,12.99,16,4.4,275,Sold by Mylivell and Fulfilled by Amazon.,5236,Mylivell,In Stock.
x2,19.99,17,4.2,146,Sold by petfocused and Fulfilled by Amazon.,5294,Hygger,In Stock.
x2,18.99,18,4.4,797,Sold by Aquarium Station and Fulfilled by Amazon.,5620,Orlushy,In Stock.
x2,17.99,19,3.5,321,Sold by WEYQZZ and Fulfilled by Amazon.,5946,FTSTC,In Stock.
x2,29.99,20,3.9,1769,Ships from and sold by Amazon.com.,6575,Eheim,In Stock.
x2,12.99,21,4.4,93,Sold by Uniclife and Fulfilled by Amazon.,7116,Uniclife,In Stock.
x2,17.99,22,3.6,61,Sold by HIRALIY and Fulfilled by Amazon.,7198,HIRALIY,Only 19 left in stock - order soon.
x2,12.88,23,4.1,115,Sold by XINGUS and Fulfilled by Amazon.,7226,VIBIRIT,In Stock.
x2,10.99,24,4.1,149,Sold by GOOBAT and Fulfilled by Amazon.,7506,GOOBAT,In Stock.
x2,28.46,25,4,793,Ships from and sold by Amazon.com.,7558,Fluval,Usually ships within 2 to 5 weeks.
x2,11.97,26,3.8,546,Ships from and sold by Amazon.com.,7901,Marina,In Stock.
x2,11.99,27,4.4,48,Sold by Uniclife and Fulfilled by Amazon.,7934,Uniclife,In Stock.
x2,67.99,28,4.4,71,Sold by usmagob and Fulfilled by Amazon.,8246,Hygger,In Stock.
x2,15.4,29,3.7,70,Ships from and sold by Amazon.com.,0,Aqueon,In Stock.
x2,32.99,30,3.9,244,Ships from and sold by Amazon.com.,0,iPower,In Stock.
x2,12.99,31,3.9,260,Sold by SZELAM and Fulfilled by Amazon.,11167,SZELAM,In Stock.
x2,13.99,32,4,20,Sold by PULACO and Fulfilled by Amazon.,11348,PULACO,In Stock.
x2,15.99,33,4.2,109,Sold by Upmct and Fulfilled by Amazon.,11485,UPMCT,In Stock.
x2,32.69,34,4.4,64,Sold by Unicpet and Fulfilled by Amazon.,0,POPETPOP,In Stock.
x2,15.29,35,4.1,828,Ships from and sold by Amazon.com.,11752,Aqueon,In Stock.
x2,22.79,36,3.9,1769,Ships from and sold by Amazon.com.,11927,Eheim,In Stock.
x2,18.99,37,4.2,109,Sold by Upmct and Fulfilled by Amazon.,12201,UPMCT,In Stock.
x2,26.28,38,4.3,487,Ships from and sold by Amazon.com.,12839,Fluval,In Stock.
x2,8.82,39,3.8,185,Ships from and sold by Amazon.com.,12841,Aqueon,In Stock.
x2,15.78,40,4.1,207,Sold by FREESEA and Fulfilled by Amazon.,12990,FREESEA,In Stock.
x2,18.99,41,4.1,56,Sold by petfocused and Fulfilled by Amazon.,13029,Hygger,In Stock.
x2,25.73,42,3.9,235,Ships from and sold by Amazon.com.,0,Aqueon,In Stock.
x2,30.99,43,4.2,60,Sold by Luxbird and Fulfilled by Amazon.,13463,Inkbird,In Stock.
x2,20.61,44,3.6,145,Ships from and sold by Amazon.com.,13760,Aqueon,In Stock.
x2,13.03,45,4.1,828,Ships from and sold by Amazon.com.,13815,Aqueon,In Stock.
x2,11.99,46,4.4,35,Sold by SaluteDirect and Fulfilled by Amazon.,14206,SALUTE,In Stock.
x2,22.99,47,3.7,27,Sold by Soyon and Fulfilled by Amazon.,14612,Soyon,Only 19 left in stock - order soon.
x2,59.99,48,4.5,31,Sold by usmagob and Fulfilled by Amazon.,14754,Hygger,In Stock.
x2,59.99,49,4.6,110,Sold by petfocused and Fulfilled by Amazon.,14816,Hygger,In Stock.
x2,16.99,50,4.3,371,Ships from and sold by Amazon.com.,15348,ViaAqua,In Stock.
x3,24.38,1,4.3,314,Ships from and sold by Amazon.com.,5377,Tetra,In Stock.
x3,33.64,2,4.3,314,Ships from and sold by Amazon.com.,6931,Tetra,In Stock.
x3,23.21,3,4,87,,7492,H2Pro,Available from these sellers.
x3,41.02,4,4.2,98,Ships from and sold by Amazon.com.,8676,H2Pro,In Stock.
x3,19.12,5,4.2,384,Sold by Monster Pets and Fulfilled by Amazon.,0,Aqueon,In Stock.
x3,41.36,6,4.4,84,Ships from and sold by Amazon.com.,11187,H2Pro,In Stock.
x3,47.13,7,4.3,314,Ships from and sold by Amazon.com.,15334,Tetra,In Stock.
x3,41.46,8,4.1,143,Sold by MMSWarehouseSupply and Fulfilled by Amazon.,18078,Aqueon,Only 12 left in stock - order soon.
x3,6.78,9,4.6,103,Sold by What America Buys and Fulfilled by Amazon.,18457,UNITED PET GROUP - NOBLESVILLE,In Stock.
x3,43.11,10,4,280,,20528,All Glass Aquariums,Available from these sellers.
x3,44.99,11,4,327,,21757,Aqueon,Available from these sellers.
x3,53.08,12,3.8,1935,Ships from and sold by Amazon.com in easy-to-open packaging.,23558,MarineLand,In Stock.
x3,15.99,13,4,103,Sold by Stock Your Home and Fulfilled by Amazon.,24851,All Glass Aquariums,In Stock.
x3,23.99,14,3.9,118,Sold by Fast 'N Freshéˆ?and Fulfilled by Amazon.,26123,All Glass Aquariums,Only 18 left in stock - order soon.
x3,47.19,15,4.1,317,,26461,All Glass Aquariums,Available from these sellers.
x3,66.59,16,4.3,243,Sold by One Way Pet and Fulfilled by Amazon.,26619,Aqueon,Only 8 left in stock - order soon.
x3,0,17,3.9,64,,0,H2Pro,Currently unavailable.
x3,39.59,18,4.2,99,,29075,All Glass Aquariums,Available from these sellers.
x3,39.99,19,5,1,Sold by Innovative Marine and Fulfilled by Amazon.,29132,Innovative Marine,In Stock.
x3,34.99,20,3.9,161,Sold by One Way Pet and Fulfilled by Amazon.,29382,All Glass Aquariums,Only 5 left in stock - order soon.
x3,43.85,21,3.8,1935,Ships from and sold by Amazon.com.,31591,MarineLand,In Stock.
x3,7.99,22,3.8,37,Sold by Encompass All and Fulfilled by Amazon.,35227,Aquarium Masters,Only 5 left in stock - order soon.
x3,44.01,23,4.3,314,,35874,Tetra,Available from these sellers.
x3,68.24,24,4,57,,0,khonanpai,Available from these sellers.
x3,70.59,25,3.8,1935,Ships from and sold by Amazon.com.,42071,MarineLand,In Stock.
x3,54.37,26,3.7,133,Sold by Monster Pets and Fulfilled by Amazon.,51646,Aqueon,Only 9 left in stock - order soon.
x3,0,27,3.7,51,,53064,Aqueon,Currently unavailable.
x3,56.99,28,3.8,149,Sold by One Way Pet and Fulfilled by Amazon.,56309,Aqueon,In Stock.
x3,42.34,29,4.3,243,Sold by One Way Pet and Fulfilled by Amazon.,59138,Aqueon,Only 3 left in stock - order soon.
x3,48.47,30,3.9,262,Sold by Monster Pets and Fulfilled by Amazon.,59586,Perfecto,In Stock.
x3,97.69,31,4.1,176,Sold by Monster Pets and Fulfilled by Amazon.,62064,All Glass Aquariums,In Stock.
x3,0,32,4.4,9,,63684,Perfecto,Currently unavailable.
x3,73.53,33,4,21,Sold by Sparkfish and Fulfilled by Amazon.,64115,Aqueon,Only 5 left in stock - order soon.
x3,6.99,34,4.3,9,Sold by Haulonda US and Fulfilled by Amazon.,67202,Haulonda,Only 5 left in stock - order soon.
x3,50.3,35,4.4,72,Ships from and sold by Amazon.com.,69436,Aqueon,In Stock.
x3,0,36,4.2,67,,70904,All Glass Aquariums,Currently unavailable.
x3,0,37,4.2,53,,72286,H2Pro,Currently unavailable.
x3,68.81,38,4,82,Sold by Speedy Items and Fulfilled by Amazon in easy-to-open packaging.,0,Perfecto Manufacturing,In Stock.
x3,17.99,39,3.8,6,Sold by Rocket Ent and Fulfilled by Amazon.,77544,Perfecto,Only 4 left in stock - order soon.
x3,94.17,40,4.1,72,Sold by Sparkfish and Fulfilled by Amazon.,80269,All Glass Aquariums,Only 2 left in stock - order soon.
x3,48.99,41,0,0,Ships from and sold by JieLee66.,82030,JieLee66,Only 7 left in stock - order soon.
x3,15.82,42,3.7,16,,82191,Perfecto,Available from these sellers.
x3,58.24,43,3.9,44,,95942,All Glass Aquariums,Available from these sellers.
x3,111.67,44,4,12,Ships from and sold by ValoMarket.,99025,All Glass Aquariums,In stock.
x3,49.99,45,3.1,34,,100063,Deep Blue Professional,Available from these sellers.
x3,49.99,46,5,1,Sold by Innovative Marine and Fulfilled by Amazon.,104655,Innovative Marine,Only 7 left in stock - order soon.
x3,4.79,47,0,0,Ships from and sold by sendk.,116684,Sendk,In Stock.
x3,6.99,48,4.3,9,Sold by Haulonda US and Fulfilled by Amazon.,128759,Haulonda,Only 8 left in stock - order soon.
x3,64.98,49,3.5,35,Sold by Centaurus AZ and Fulfilled by Amazon.,128852,All Glass Aquariums,Only 2 left in stock - order soon.
x3,77.54,50,4,45,Ships from and sold by ValoMarket.,129556,All Glass Aquariums,Only 1 left in stock - order soon.
x4,19.88,1,4.5,340,Sold by TOOLBOX and Fulfilled by Amazon.,2743,Agriculture Solutions,In Stock.
x4,8.27,2,4.2,156,Ships from and sold by Amazon.com.,8796,Coralife,In Stock.
x4,15.99,3,4.7,20,Sold by Nithing and Fulfilled by Amazon.,15936,GXSTWU,In Stock.
x4,19.95,4,4.7,122,Sold by AUTOUTLET and Fulfilled by Amazon.,0,AUTOUTLET,In Stock.
x4,16.49,5,4.7,12,Sold by XRC Electronics and Fulfilled by Amazon.,18010,RZ,In Stock.
x4,6.12,6,3.9,287,Ships from and sold by Amazon.com.,0,Exo Terra,In Stock.
x4,10.04,7,4,308,,34938,Instant Ocean,Available from these sellers.
x4,18.99,8,4.2,97,Sold by Top Town and Fulfilled by Amazon.,0,aichose,In Stock.
x4,25.89,9,4.7,20,Sold by Nithing and Fulfilled by Amazon.,43611,GXSTWU,In Stock.
x4,7.53,10,4,24,Sold by Relaxbuty and Fulfilled by Amazon.,35667,Aquarium Equip,Only 1 left in stock - order soon.
x4,20.99,11,5,6,Sold by Happy Tomato and Fulfilled by Amazon.,27074,HYTOMATO,In Stock.
x4,8.09,12,3.5,117,,57549,Fluval,Available from these sellers.
x4,8.99,13,3.4,8,Sold by cuboid0114 and Fulfilled by Amazon.,63738,capetsma,In Stock.
x4,21.9,14,5,1,Sold by Gain Express and Fulfilled by Amazon.,0,Gain Express,Only 6 left in stock - order soon.
x4,18.45,15,4.5,70,Sold by LUFFY PETS COLLECTION and Fulfilled by Amazon.,65101,SunGrow,In Stock.
x4,4.79,16,1,1,Sold by huhushop and Fulfilled by Amazon.,0,YOSOO123,Only 5 left in stock - order soon.
x4,23.9,17,0,0,Sold by Gain Express and Fulfilled by Amazon.,0,Gain Express,Only 3 left in stock - order soon.
x4,17.99,18,5,1,Sold by Easybuyforu and Fulfilled by Amazon.,80907,emours,In Stock.
x4,36.9,19,3.9,10,Sold by Gain Express and Fulfilled by Amazon.,0,Gain Express,Only 18 left in stock - order soon.
x4,8,20,0,0,Ships from and sold by Frunalte.,0,Frunalte Women Shoes,In Stock.
x4,38.99,21,5,1,Sold by G2G INTERNATIONAL INC. and Fulfilled by Amazon.,91524,HM Digital,Only 9 left in stock - order soon.
x4,10.25,22,2.8,30,Ships from and sold by Amazon.com.,96382,Coralife,In Stock.
x4,17.99,23,4.4,106,Sold by Hobein and Fulfilled by Amazon.,0,Hobein,In Stock.
x4,4.91,24,4.3,4,Ships from and sold by KOCOME.,112771,Kocome,In Stock.
x4,17.89,25,4.1,9,Sold by ONE250 and Fulfilled by Amazon.,0,ONE250,In Stock.
x4,16.98,26,0,0,Sold by XRC Electronics and Fulfilled by Amazon.,0,RZ,In Stock.
x4,23,27,4.6,3,Sold by Top Town and Fulfilled by Amazon.,0,aichose,In Stock.
x4,3.83,28,4.6,4,Ships from and sold by wivarra.,135256,SODIAL,Available from these sellers.
x4,7.99,29,0,0,Sold by WenLiJun and Fulfilled by Amazon.,138609,KOOBOOK,Only 2 left in stock - order soon.
x4,13.99,30,1.9,3,Ships from and sold by The Funky Koi Pet & Pond Supply Company.,144328,Hikari,Only 1 left in stock - order soon.
x4,16.99,31,5,1,Sold by Logic box and Fulfilled by Amazon.,0,HunterBee,In Stock.
x4,4.89,32,0,0,Ships from and sold by Lovhop.,150550,Lovhop,In Stock.
x4,2.83,33,2.1,8,,150587,Fashion Life,Available from these sellers.
x4,19.99,34,0,0,Sold by ABUYCS and Fulfilled by Amazon.,0,Abuycs,Only 20 left in stock - order soon.
x4,15.49,35,0,0,Ships from and sold by Amazon.com.,177893,Sera,Only 3 left in stock (more on the way).
x4,0,36,4,32,,179386,PENSON & CO.,Currently unavailable.
x4,27.7,37,5,3,Sold by RHINO TECHNOLOGY and Fulfilled by Amazon.,0,RHINO TECHNOLOGY,In Stock.
x4,17.95,38,4.2,24,Sold by Aeroway and Fulfilled by Amazon.,186812,Aeroway,In Stock.
x4,0,39,3.5,8,,189282,Eowpower,Currently unavailable.
x4,7.99,40,1,1,Sold by Mtsooning and Fulfilled by Amazon.,190788,Mtsooning,Only 4 left in stock - order soon.
x4,29.89,41,4.3,51,,190997,Amzdeal,Available from these sellers.
x4,32.9,42,3.4,9,Sold by Gain Express and Fulfilled by Amazon.,0,Gain Express,Only 5 left in stock - order soon.
x4,23.9,43,5,3,Sold by Gain Express and Fulfilled by Amazon.,0,Gain Express,Only 4 left in stock - order soon.
x4,16.99,44,3.5,136,Sold by sportswarehouse and Fulfilled by Amazon.,222309,Ade Advanced Optics,In Stock.
x4,21.9,45,5,1,Sold by Gain Express and Fulfilled by Amazon.,0,Gain Express,Only 1 left in stock - order soon.
x4,21.99,46,4,1,Ships from and sold by Tekcoplus.,0,TEKCOPLUS,In stock.
x4,0,47,4.1,13,,244657,Eyourlife,Currently unavailable.
x4,6.75,48,0,0,Ships from and sold by DBolomm (Clearance! 50% discount).,0,DBolomm Tank Top,In Stock.
x4,0,49,5,5,,257318,COCODE,Currently unavailable.
x4,2.49,50,0,0,Ships from and sold by YANG-YI.,0,YANG-YI,In Stock.
x5,26.99,1,4.5,4106,Sold by NICREW and Fulfilled by Amazon.,3280,NICREW,In Stock.
x5,6.74,2,4.4,656,,0,,Available from these sellers.
x5,16.99,3,4.5,4106,Sold by NICREW and Fulfilled by Amazon.,4886,NICREW,In Stock.
x5,36.99,5,4.5,4106,Sold by NICREW and Fulfilled by Amazon.,5214,NICREW,In Stock.
x5,13.59,6,4.5,315,Ships from and sold by Amazon.com.,5483,Zoo Med,In Stock.
x5,11.99,7,4.3,226,Sold by Ectenx-US and Fulfilled by Amazon.,5997,ECtENX,In Stock.
x5,5.89,8,4.5,273,Ships from and sold by Amazon.com.,0,Marina,In Stock.
x5,62.98,9,4.2,398,Sold by Hipargero and Fulfilled by Amazon.,6364,HIPARGERO,In Stock.
x5,9.98,10,4.5,1964,Sold by Mingdak-US and Fulfilled by Amazon.,7034,MingDak,In Stock.
x5,9.99,11,4.2,419,Sold by NICREW and Fulfilled by Amazon.,7197,NICREW,In Stock.
x5,39.98,12,4.2,133,Sold by Monster Pets and Fulfilled by Amazon in easy-to-open packaging.,7325,Zoo Med,Only 3 left in stock - order soon.
x5,17.99,13,4.7,308,Sold by petfocused and Fulfilled by Amazon.,7355,Hygger,In Stock.
x5,41.99,14,4.6,936,Sold by NICREW and Fulfilled by Amazon.,7550,NICREW,In Stock.
x5,31.99,15,4.6,936,Sold by NICREW and Fulfilled by Amazon.,8224,NICREW,In Stock.
x5,13.99,16,4.4,157,Sold by Mingdak-US and Fulfilled by Amazon.,8366,MingDak,In Stock.
x5,25.09,17,4.5,415,Sold by NICREW and Fulfilled by Amazon.,9349,NICREW,In Stock.
x5,57.99,18,4.7,308,Sold by petfocused and Fulfilled by Amazon.,9503,Hygger,In Stock.
x5,36.99,19,4.7,308,Sold by petfocused and Fulfilled by Amazon.,9581,Hygger,In Stock.
x5,22.8,20,4.4,89,Ships from and sold by Amazon.com.,9941,Aqueon,In Stock.
x5,12.99,21,4.5,495,Sold by Smiful Naturals and Fulfilled by Amazon.,10201,Smiful,In Stock.
x5,13.99,22,4.5,157,Sold by NICREW and Fulfilled by Amazon.,10761,NICREW,In Stock.
x5,12.99,23,4.4,78,Sold by Mingdak-US and Fulfilled by Amazon.,10848,MingDak,In Stock.
x5,11.99,24,4.5,4106,Sold by NICREW and Fulfilled by Amazon.,11015,NICREW,In Stock.
x5,1.61,25,4.2,134,Ships from and sold by Amazon.com.,11155,GloFish,In Stock.
x5,16.99,26,4.1,1488,Sold by Smiful Naturals and Fulfilled by Amazon.,11230,S SMIFUL,In Stock.
x5,8.99,27,4.4,200,Ships from and sold by Amazon.com.,11405,Tech'n'Toy,In Stock.
x5,10.98,28,4.5,1964,Sold by Mingdak-US and Fulfilled by Amazon.,11545,MingDak,In Stock.
x5,11.06,29,4,160,Sold by Truly-deal and Fulfilled by Amazon.,11790,Zoo Med,Only 4 left in stock - order soon.
x5,20.99,30,4.6,936,Sold by NICREW and Fulfilled by Amazon.,11943,NICREW,In Stock.
x5,18.97,31,4.4,135,Ships from and sold by Amazon.com.,11965,GloFish,In Stock.
x5,45.99,32,4.5,4106,Sold by NICREW and Fulfilled by Amazon.,12768,NICREW,In Stock.
x5,119.99,33,4.4,305,Sold by VIPARSPECTRA and Fulfilled by Amazon.,13002,VIPARSPECTRA,Only 14 left in stock - order soon.
x5,35.56,34,4.3,214,Ships from and sold by Amazon.com.,13161,Finnex,In Stock.
x5,0,35,4.4,46,,13192,Coospider,Currently unavailable.
x5,14.99,36,4.1,1488,Sold by Smiful Naturals and Fulfilled by Amazon.,18460,S SMIFUL,In Stock.
x5,12.88,37,4.4,149,Sold by Sumlink Direct and Fulfilled by Amazon.,13603,Clever sprouts,In Stock.
x5,12.75,38,4.2,508,Sold by topdogsellers and Fulfilled by Amazon.,13630,Odyssea,In Stock.
x5,31.96,39,4,522,Ships from and sold by Amazon.com.,13701,MarineLand,In Stock.
x5,14.99,40,4.5,1964,Sold by Mingdak-US and Fulfilled by Amazon.,13708,MingDak,In Stock.
x5,1.48,41,4.2,134,Ships from and sold by Amazon.com.,13741,GloFish,In Stock.
x5,49.99,42,4.6,936,Sold by NICREW and Fulfilled by Amazon.,14124,NICREW,In Stock.
x5,10.99,43,4.4,40,Sold by Mingdak-US and Fulfilled by Amazon.,14524,MingDak,In Stock.
x5,15.99,44,4.2,162,Sold by Dxcel and Fulfilled by Amazon.,14894,DXCEL,In Stock.
x5,11.79,45,4.4,141,Sold by WinnerDirect and Fulfilled by Amazon.,15082,DaToo,In Stock.
x5,29.99,46,4.6,99,Sold by NICREW and Fulfilled by Amazon.,15094,NICREW,In Stock.
x5,14.99,47,4.6,99,Sold by NICREW and Fulfilled by Amazon.,15296,NICREW,In Stock.
x5,15.59,48,4,332,Sold by Uniclife and Fulfilled by Amazon.,15537,Uniclife,In Stock.
x5,59.99,49,4.6,936,Sold by NICREW and Fulfilled by Amazon.,15670,NICREW,In Stock.
x5,106.84,50,4.7,150,Ships from and sold by Amazon.com.,16172,Finnex,In Stock.
x6,169,1,3.2,240,Ships from and sold by Amazon.com.,14119,Ameriwood Home,Available to ship in 1-2 days.
x6,55.99,2,4.5,174,,16036,Imagitarium,Available from these sellers.
x6,108,3,3.2,240,Ships from and sold by Amazon.com.,20897,Ameriwood Home,Available to ship in 1-2 days.
x6,71.09,4,4.4,84,,0,Aquatic Fundamentals,Available from these sellers.
x6,105.99,5,4.2,44,Sold by One Way Pet and Fulfilled by Amazon.,32129,Aqueon,Only 6 left in stock - order soon.
x6,96.42,6,4.6,147,Ships from and sold by Amazon.com in easy-to-open packaging.,38663,Aqueon,Only 13 left in stock (more on the way).
x6,106.41,7,3.8,106,,42408,Ameriwood Home,Available from these sellers.
x6,97.99,8,4.6,147,,52350,Aqueon,Available from these sellers.
x6,154.99,9,3.7,28,Ships from and sold by Amazon.com.,52542,Coralife,In Stock.
x6,108.05,10,3.2,240,Ships from and sold by Amazon.com.,55344,Ameriwood Home,Available to ship in 1-2 days.
x6,81.71,11,4.8,8,,70714,Unknown,Available from these sellers.
x6,52.24,12,3.9,35,,71067,Imagitarium,Available from these sellers.
x6,114.64,13,4.2,49,,84259,66425503555,Available from these sellers.
x6,100,14,3.3,80,Ships from and sold by Amazon.com.,91328,Ameriwood Home,Available to ship in 1-2 days.
x6,161.99,15,2.6,8,,94990,Imagitarium,Available from these sellers.
x6,202.21,16,3.2,240,,103454,Ameriwood Home,Available from these sellers.
x6,95.99,17,4.2,44,,104766,Imagitarium,Available from these sellers.
x6,89.99,18,3.1,3,,105555,Imagitarium,Available from these sellers.
x6,81.53,19,3.3,80,Ships from and sold by Amazon.com.,106770,Ameriwood Home,Available to ship in 1-2 days.
x6,30,20,0,0,Sold by ONF Light and Fulfilled by Amazon.,107088,ONF,Only 10 left in stock - order soon.
x6,109.99,21,3.7,28,Ships from and sold by Amazon.com.,107140,Coralife,Only 14 left in stock (more on the way).
x6,107.99,22,4.5,2,,108759,Imagitarium,Available from these sellers.
x6,0,23,0,0,,120592,All Glass Aquariums,Currently unavailable.
x6,190.94,24,4,48,Sold by Monster Pets and Fulfilled by Amazon.,122262,Coralife,Only 7 left in stock - order soon.
x6,4.01,25,4.6,2,,124441,MacRoog,Available from these sellers.
x6,129.77,26,4.3,13,,0,Aquatic Fundamentals,Available from these sellers.
x6,92.4,27,4.1,63,,150545,All Glass Aquariums,Available from these sellers.
x6,176,28,1,1,Ships from and sold by Amazon.com.,152968,Seapora,Temporarily out of stock.
x6,134.99,29,3.4,5,,154261,Imagitarium,Available from these sellers.
x6,151.14,30,4.1,17,,158177,Aquatic Fundamentals,Available from these sellers.
x6,0,31,3.6,23,,159262,Aquatic Fundamentals,Currently unavailable.
x6,0,32,3.2,240,,103454,Ameriwood Home,Available from these sellers.
x6,329.99,33,3.2,240,,166843,Ameriwood Home,Available from these sellers.
x6,0,34,4.4,33,,177183,Sauder,Currently unavailable.
x6,134.99,35,3.1,4,,187838,Imagitarium,Available from these sellers.
x6,0,36,4.3,7,,190608,Sauder,Currently unavailable.
x6,0,37,4.2,37,,191504,Aquatic Fundamentals,Currently unavailable.
x6,89.99,38,4,3,,192147,Imagitarium,Available from these sellers.
x6,100,39,3.3,80,Ships from and sold by Amazon.com.,91328,Ameriwood Home,Available to ship in 1-2 days.
x6,0,40,3.8,24,,196321,Sauder,Currently unavailable.
x6,142.36,41,3.2,16,Sold by One Way Pet and Fulfilled by Amazon in easy-to-open packaging.,197079,Coralife,Only 8 left in stock - order soon.
x6,0.01,42,4.6,2,,206461,MacRoog,Available from these sellers.
x6,0,43,4.3,39,,209019,Aquatic Fundamentals,Currently unavailable.
x6,240.11,44,0,0,,219432,Unknown,Available from these sellers.
x6,161.99,45,1.4,3,,220359,Imagitarium,Available from these sellers.
x6,0,46,3.8,53,,221844,Aquatic Fundamentals,Currently unavailable.
x6,0,47,4.6,14,,225941,Yudeg,Currently unavailable.
x6,0,48,3.6,36,,226352,Aquatic Fundamentals,Currently unavailable.
x6,0,49,2.7,12,,0,,Available from these sellers.
x6,0,50,4.4,22,,0,,Available from these sellers.
x7,17.04,1,4.7,654,Ships from and sold by Amazon.com.,3654,Pearhead,In Stock.
x7,9.95,2,4.5,419,Ships from and sold by Amazon.com.,6129,Pearhead,In Stock.
x7,21.99,3,4.7,601,Sold by Sincerely Hers and Fulfilled by Amazon.,6315,Pawprints Left by You Memorial Gifts,In Stock.
x7,29.99,4,4.5,293,Sold by Paragon Trading Post and Fulfilled by Amazon.,6616,Pawprints Left by You Memorial Gifts,Only 12 left in stock - order soon.
x7,10.64,5,4.7,289,,0,,Available from these sellers.
x7,32.99,6,4.6,174,,9548,Fox Valley Traders,Available from these sellers.
x7,21.77,7,4.7,876,Sold by Tasse Verre and Fulfilled by Amazon.,10257,Pawprints Remembered,In Stock.
x7,30.52,8,4.7,272,Ships from and sold by Amazon.com.,10560,Pearhead,In Stock.
x7,9.99,9,4.5,404,Ships from and sold by Amazon.com.,12525,Pearhead,In Stock.
x7,23.59,10,4.5,100,Sold by ETEB STORE and Fulfilled by Amazon.,13007,CT DISCOUNT STORE,Only 14 left in stock - order soon.
x7,19.97,11,5,12,Sold by LaLieve and Fulfilled by Amazon.,13701,LaLieve,In Stock.
x7,19.99,12,4.7,654,Ships from and sold by Amazon.com.,14054,Pearhead,In Stock.
x7,27.9,13,4.6,26,Sold by ENBOVE MALL and Fulfilled by Amazon.,14220,ENBOVE,In Stock.
x7,5.99,14,4.8,168,Ships from and sold by Amazon.com.,14404,Imagine This,In Stock.
x7,23.89,15,4.8,39,Sold by Minicremation Jewelry and Fulfilled by Amazon.,0,Minicremation,In Stock.
x7,15.99,16,4.7,57,Sold by RedSum and Fulfilled by Amazon.,15662,RedSum,In Stock.
x7,9.99,17,4.5,21,Sold by Vanlovemac Gifts Direct and Fulfilled by Amazon.,16719,VANLOVEMAC,In Stock.
x7,13.99,18,4.8,20,Sold by wei kui jewelry and Fulfilled by Amazon.,0,misyou,In Stock.
x7,16.72,19,4.4,79,Ships from and sold by Amazon.com.,17226,Tiny Ideas,In Stock.
x7,34.99,20,4.7,272,Ships from and sold by Amazon.com.,17492,Pearhead,In Stock.
x7,22.99,21,4.6,54,Sold by EXPAWL and Fulfilled by Amazon.,17657,EXPAWLORER,In Stock.
x7,21.99,22,4.7,106,Sold by Re-Call and Fulfilled by Amazon.,17998,Re-Call,In Stock.
x7,5.99,23,4.7,110,Ships from and sold by Amazon.com.,18435,Imagine This,In Stock.
x7,9.99,24,4.5,404,Ships from and sold by Amazon.com.,19039,Pearhead,In Stock.
x7,13.99,25,4.7,54,Sold by IEFSHINY DIRECT and Fulfilled by Amazon.,0,IEFSHINY,In Stock.
x7,83.95,26,5,4,,20905,Personalized Favors,Available from these sellers.
x7,5.99,27,4.8,74,Ships from and sold by Amazon.com.,20960,Imagine This,In Stock.
x7,15.99,28,4.7,33,Sold by Mochiglory and Fulfilled by Amazon.,21409,Mochiglory,In Stock.
x7,19.5,29,4.9,32,Sold by Orchid Valley Pet Co and Fulfilled by Amazon.,22214,Orchid Valley,In Stock.
x7,13.59,30,4.8,61,Sold by MXU JEWELRY and Fulfilled by Amazon.,0,M MOOHAM,In Stock.
x7,11.97,31,5,38,Sold by Memgiftåº?and Fulfilled by Amazon.,0,MEMGIFT,In Stock.
x7,19.9,32,4.7,53,Sold by ENBOVE MALL and Fulfilled by Amazon.,23456,ENBOVE,In Stock.
x7,4.99,33,4.5,419,Ships from and sold by Amazon.com.,23610,Pearhead,In Stock.
x7,21.77,34,4.4,216,Sold by Better World Pets and Fulfilled by Amazon.,23871,Better World Pets,In Stock.
x7,11.99,35,4.6,28,Sold by Hidepoo and Fulfilled by Amazon.,0,Hidepoo,In Stock.
x7,16.99,36,4.7,64,Sold by Whitney Howard Designs and Fulfilled by Amazon.,0,Quotable Cuffs,In Stock.
x7,14.99,37,4.6,33,Ships from and sold by Amazon.com.,24268,Pearhead,In Stock.
x7,16.99,38,4.7,5,Sold by SOMISS and Fulfilled by Amazon.,0,MARYTUMM,In Stock.
x7,24.98,39,4.7,275,,0,GiftsForYouNow,Available from these sellers.
x7,5.99,40,5,23,Ships from and sold by Amazon.com.,0,Imagine This,In Stock.
x7,19.77,41,4.4,216,Sold by Better World Pets and Fulfilled by Amazon.,27964,Better World Pets,In Stock.
x7,24.95,42,4.4,55,Sold by BUY THE BEST and Fulfilled by Amazon.,0,Besti,In Stock.
x7,39.99,43,4.8,79,Sold by Hour Loop and Fulfilled by Amazon.,0,AngelStar,In Stock.
x7,25.95,44,4.7,452,Ships from and sold by Amazon.com.,29892,Near & Dear Pet Memorials,In Stock.
x7,34.99,45,4.7,272,Ships from and sold by Amazon.com.,30095,Pearhead,In Stock.
x7,18.49,46,4.7,120,Sold by Foreverlove Memorial Jewelry and Fulfilled by Amazon.,0,memorial jewelry,In Stock.
x7,15.99,47,4.7,143,Sold by Relevant Gifts and Fulfilled by Amazon.,0,BANBERRY DESIGNS,In Stock.
x7,5.99,48,4.8,68,Ships from and sold by Amazon.com.,0,Imagine This,In Stock.
x7,19.99,49,4.9,27,Sold by Paragon Trading Post and Fulfilled by Amazon.,31055,Pawprints Left by You Memorial Gifts,Only 18 left in stock - order soon.
x7,21.95,50,4.4,76,Sold by One Fur All Pets and Fulfilled by Amazon.,0,One Fur All,In Stock.
x8,13.99,1,4.6,40,Sold by NRSWorld and Fulfilled by Amazon.,0,Purina,In Stock.
x8,0,2,4.1,5,,41912,Incredible Solutions,Currently unavailable.
x8,0,3,4.7,30,,0,,Available from these sellers.
x8,197.75,4,5,12,,0,Med-Vet Pharmaceuticals,Available from these sellers.
x8,52.99,5,5,1,Sold by GNS Products Limited and Fulfilled by Amazon.,9.87E+11,Direct Action Co,Only 9 left in stock - order soon.
x8,32.49,6,4.9,16,Sold by NRSWorld and Fulfilled by Amazon.,69824,Purina,In Stock.
x8,47.65,7,5,1,Sold by GNS Products Limited and Fulfilled by Amazon.,1.17E+12,DAC,Only 1 left in stock - order soon.
x8,36.99,8,0,0,Ships from and sold by Modesto Milling.,78974,Modesto Milling,In stock.
x8,90.99,9,4.7,4,Ships from and sold by AffordableVet.,82908,Adeptus Nutrition,In stock.
x8,49.99,10,4.8,8,,85926,TRIBUTE,Available from these sellers.
x8,14,11,4.2,4,Sold by Ark Country Store and Fulfilled by Amazon.,87351,Purina,Only 2 left in stock - order soon.
x8,29.99,12,5,1,,88125,TRIBUTE,Available from these sellers.
x8,10.99,13,3.9,20,Sold by J & M COLLECTIBLES and Fulfilled by Amazon.,128133,Manna Pro,Only 4 left in stock - order soon.
x8,11.49,14,3.9,20,Sold by One Way Pet and Fulfilled by Amazon.,129480,Manna Pro,Only 13 left in stock - order soon.
x8,26.49,15,4.3,10,,129821,Kalmbach Feeds,Available from these sellers.
x8,64.95,16,3.7,5,Sold by NRSWorld and Fulfilled by Amazon.,130784,Purina Waggin' Train,Only 16 left in stock - order soon.
x8,173,17,3.9,9,Sold by Amazing Health and Fulfilled by Amazon.,136276,4LIFE RESEARCH,Only 9 left in stock - order soon.
x8,47.99,18,3.9,2,,137107,Kalmbach Feeds,Available from these sellers.
x8,10.94,19,3.9,20,Sold by J & M COLLECTIBLES and Fulfilled by Amazon.,138561,Manna Pro,Only 13 left in stock - order soon.
x8,40.21,20,4.1,9,Ships from and sold by Amazon.com.,0,UltraCruz,In Stock.
x8,184.99,21,4.7,63,Sold by A Natural Lifestyle and Fulfilled by Amazon.,162306,Corta-Flx,Only 19 left in stock - order soon.
x8,68.54,22,5,7,Ships from and sold by Amazon.com.,171609,Vita Flex,Only 3 left in stock (more on the way).
x8,28.99,23,5,2,,173859,TRIBUTE,Available from these sellers.
x8,27.25,24,0,0,Ships from and sold by ODONTOMED2011.,181799,OdontoMed2011,In Stock.
x8,98.87,25,4.1,12,,188120,Uckele,Available from these sellers.
x8,0,26,3.9,114,,195694,Thunder Acres,Currently unavailable.
x8,10.99,27,3.9,20,Sold by J & M COLLECTIBLES and Fulfilled by Amazon.,197478,Manna Pro,Only 11 left in stock - order soon.
x8,85.08,28,4,22,Ships from and sold by Amazon.com.,197540,Foal-Lac,Temporarily out of stock.
x8,79.99,29,4.6,11,,204024,Adeptus Nutrition,Available from these sellers.
x8,132.23,30,4,1,,243208,Adeptus Nutrition,Available from these sellers.
x8,57.82,31,5,1,,243959,For-a-Flex,Available from these sellers.
x8,389,32,5,2,Ships from and sold by Amazon.com.,247207,Corta-Flx,Only 2 left in stock (more on the way).
x8,29.99,33,0,0,,250290,TRIBUTE,Available from these sellers.
x8,99,34,0,0,Ships from and sold by SBS Health Products.,265861,Sbs Equine,Only 8 left in stock - order soon.
x8,17.99,35,3.9,20,Sold by Half Price and Fulfilled by Amazon.,280685,Manna Pro,Only 15 left in stock - order soon.
x8,58.99,36,5,1,,281770,Adeptus Nutrition,Available from these sellers.
x8,14.99,37,0,0,Ships from and sold by Mikes Instinct.,283551,Mikes Instinct,Only 4 left in stock - order soon.
x8,12.89,38,5,1,Ships from and sold by William Hunter Equestrian.,0,William Hunter Equestrian,In Stock.
x8,0,39,3.9,114,,290638,Thunder Acres,Currently unavailable.
x8,0,40,5,1,,296589,Adeptus Nutrition,Currently unavailable.
x8,0,41,4.7,3,,313656,Adeptus Nutrition,Currently unavailable.
x8,0,42,4.5,4,,328062,Corta-Flex,Currently unavailable.
x8,96.58,43,5,2,Ships from and sold by Amazon.com.,0,UltraCruz,Only 9 left in stock (more on the way).
x8,0,44,5,3,,0,GRAND MEADOWS N,Currently unavailable.
x8,75.99,45,0,0,Ships from and sold by AffordableVet.,343985,Adeptus Nutrition,Only 5 left in stock - order soon.
x8,131.79,46,5,3,Ships from and sold by AffordableVet.,353119,Adeptus Nutrition,Only 5 left in stock - order soon.
x8,37.99,47,0,0,Ships from and sold by Modesto Milling.,360366,Modesto Milling,In stock.
x8,39,48,3.1,15,,364587,Thunder Acres,Available from these sellers.
x8,28.99,49,0,0,,385425,Kalmbach Feeds,Available from these sellers.
x8,0,50,2.9,3,,419454,Kalmbach Feeds,Currently unavailable.
x9,13.46,1,4.3,965,Ships from and sold by Amazon.com.,536,Tetra,In Stock.
x9,49.85,2,4.4,1127,Sold by VetMedRx and Fulfilled by Amazon.,984,Zoetis,Only 18 left in stock - order soon.
x9,6.96,3,4.6,2046,Sold by VirVentures and Fulfilled by Amazon.,1454,Seachem,In Stock.
x9,4.98,4,3.8,707,Ships from and sold by Amazon.com.,1586,Seachem,In Stock.
x9,10.24,5,4.3,972,Ships from and sold by Amazon.com.,1635,API,In Stock.
x9,28.79,6,4.6,4422,,1912,API,Available from these sellers.
x9,5.49,7,4.5,2241,Ships from and sold by Amazon.com.,2086,API,In Stock.
x9,10.55,8,4.5,2241,Ships from and sold by Amazon.com.,3917,API,In Stock.
x9,10.99,9,4.3,965,Ships from and sold by Amazon.com.,4364,Tetra,In Stock.
x9,12.99,10,3.8,97,Sold by Qguai Direct and Fulfilled by Amazon.,4759,Qguai,In Stock.
x9,10.99,11,4.2,158,Ships from and sold by Amazon.com.,5295,Tetra,In Stock.
x9,2.48,12,4.5,2241,Ships from and sold by Amazon.com.,5462,API,In Stock.
x9,12.5,13,4.5,2241,Ships from and sold by Amazon.com.,5497,API,In Stock.
x9,23.22,14,4.5,742,,6424,API,Available from these sellers.
x9,23.03,15,4.4,106,Ships from and sold by Amazon.com.,6525,Tetra,In Stock.
x9,49.85,16,4.5,222,Sold by VetMedRx and Fulfilled by Amazon.,0,AlphaTRAK,In Stock.
x9,49.85,17,4.5,168,Sold by VetMedRx and Fulfilled by Amazon.,0,Zoetis,In Stock.
x9,11.6,18,4.6,168,Ships from and sold by Amazon.com.,7667,API,In Stock.
x9,49.85,19,4.7,107,Sold by fourpawspetmeds and Fulfilled by Amazon.,7805,AlphaTRAK,In Stock.
x9,5.21,20,4.5,2241,,7916,API,Available from these sellers.
x9,15,21,4.5,80,Sold by Kwik Retail and Fulfilled by Amazon.,8075,All Seas Marine,"In stock on February 16, 2020."
x9,12.99,22,3.3,104,Sold by cuboid0114 and Fulfilled by Amazon.,8708,capetsma,In Stock.
x9,5.75,23,4.3,972,Ships from and sold by Amazon.com.,8804,API,In Stock.
x9,4.28,24,4.5,2241,Ships from and sold by Amazon.com.,9219,API,In Stock.
x9,13.49,25,3.6,76,Ships from and sold by Amazon.com.,9704,Seachem,In Stock.
x9,10.99,26,4.5,362,,0,Red Sea,Available from these sellers.
x9,8.92,27,4.5,2241,Ships from and sold by Amazon.com.,11271,API,In Stock.
x9,22.9,28,3.6,87,Sold by Online Shopping. and Fulfilled by Amazon.,0,PetSure!,In Stock.
x9,5.04,29,4.5,2241,Ships from and sold by Amazon.com.,11680,API,In Stock.
x9,33.37,30,5,4,Ships from and sold by D.G.I..,0,unk,Only 18 left in stock - order soon.
x9,25.92,31,4.3,972,,12356,API,Available from these sellers.
x9,24.74,32,4.7,38,Sold by WLR Products and Fulfilled by Amazon.,12367,Hanna Instruments,In Stock.
x9,6.59,33,4.5,2241,Ships from and sold by Amazon.com.,12449,API,In Stock.
x9,11.06,34,4.5,219,Ships from and sold by Amazon.com.,13357,API,"In stock on March 12, 2020."
x9,10.49,35,4.2,53,Sold by JARDLI and Fulfilled by Amazon.,14274,JARDLI,Only 16 left in stock - order soon.
x9,17.98,36,3.8,327,Sold by JNW Direct and Fulfilled by Amazon.,14446,JNW Direct,In Stock.
x9,15.04,37,4.3,152,Ships from and sold by Onogo US.,0,Salifert,Only 3 left in stock - order soon.
x9,13.86,38,4.4,30,Sold by VirVentures and Fulfilled by Amazon.,15494,Salifert,Only 12 left in stock - order soon.
x9,10.25,39,4.5,2241,,16484,API,Available from these sellers.
x9,59.97,40,4.6,46,Sold by WLR Products and Fulfilled by Amazon.,17067,Hanna Instruments,In Stock.
x9,9.97,41,4.4,36,Sold by NilocG and Fulfilled by Amazon.,17541,NilocG Aquatics,In Stock.
x9,9.95,42,3.8,327,Sold by JNW Direct and Fulfilled by Amazon.,17734,JNW Direct,In Stock.
x9,24.27,43,4.6,4422,,17788,API,Available from these sellers.
x9,15.97,44,4.4,183,Ships from and sold by Amazon.com.,18018,Red Sea,In Stock.
x9,20.23,45,4.4,183,Sold by Asavvysavers and Fulfilled by Amazon.,18126,Red Sea,Only 14 left in stock - order soon.
x9,74.9,46,4.7,32,Sold by Kwik Retail and Fulfilled by Amazon.,18226,Salifert,Only 7 left in stock - order soon.
x9,42.95,47,4.4,74,Sold by Kwik Retail and Fulfilled by Amazon.,18355,Salifert,In Stock.
x9,16.95,48,3.7,156,Sold by InStock Goodies and Fulfilled by Amazon.,19174,Advocate,In Stock.
x9,33,49,4.5,13,Sold by Pure h2o4u and Fulfilled by Amazon.,0,Hanna Instruments,Only 8 left in stock - order soon.
x9,11.6,50,4.4,20,Ships from and sold by Amazon.com.,19246,Salifert,In Stock.
